,Follium,Filaments,Xint,Yint,Zint,Xtheta,Ytheta,Ztheta,F1theta,F2theta,Length,Tortuosity,Localscale
0,DIV4,0,430.4652400079224,447.5865552190911,0.5000026226043701,31.184013924981993,115.07155983900289,87.14127550251706,41.160540608249434,52.096533763735444,128.107421080443,1.0522401034758915,15.25
1,DIV4,1,430.4652400079224,447.5865552190911,0.5000026226043701,40.09313821543702,129.41922538247815,88.18638272539461,26.88239559496213,65.87027911162521,122.08225599591124,1.0121440873619245,15.045454545454545
2,DIV4,2,430.4652400079224,447.5865552190911,0.5000026226043701,30.287044068718963,118.1036205340489,84.79523373832761,38.352166918615666,54.89258248746495,103.7331861973291,1.0196862736043157,20.95689655172414
3,DIV4,3,390.2507674946642,404.12922423857634,37.06811633021642,33.38281694823018,113.08017139973896,70.02530221024573,45.7291762948511,54.89788003459244,38.6724707942137,1.0288990381859056,30.82608695652174
4,DIV4,4,350.6645444153192,340.9956819399555,55.5000114440918,105.96125046623526,151.5174413829253,98.44114666494967,43.68846211762976,131.23089245814882,101.05916264877452,1.1239712020245625,29.15625
5,DIV4,5,350.6645444153192,340.9956819399555,55.5000114440918,90.38452323981184,158.89118378053504,93.3542488411505,29.166769104927862,115.52370046968105,113.88687118614361,1.0854523796827948,31.507042253521128
6,DIV4,6,350.6645444153192,340.9956819399555,55.5000114440918,89.53873549985282,165.68670922978504,93.94115370077981,25.89474426786119,115.04222482857828,64.94467663838148,1.0337822232498812,26.736842105263158
7,DIV4,7,332.27451368164265,622.7554135771418,39.565710928056355,38.752092944721255,121.03890193294636,72.45639115314708,38.137144251984665,61.95213728649516,30.66772932392574,1.026994686286575,24.227272727272727
8,DIV4,8,417.9394869461083,494.86871400589723,10.30301722363999,30.23476378715467,112.11878982993736,73.18174156191948,46.643014614464285,52.827893291028694,66.15136342852514,1.0403831836167454,31.41304347826087
9,DIV4,9,421.0571959618055,500.12237594458713,7.5683582153700995,31.918690262221197,118.04988433007853,79.71741254472764,38.90630486479802,55.846065016854624,89.92736208500233,1.0599243739511932,35.0
10,DIV4,10,421.0571959618055,500.12237594458713,7.5683582153700995,37.863361660692725,125.88037147133957,84.33871145706144,32.56056053923413,63.365738898298744,114.53631044340857,1.0709733585297274,31.985507246376812
11,DIV4,11,438.0193100383694,429.40034703240786,9.424829897741617,152.14025772075055,63.072778138045216,95.82378333484172,140.64503496479787,126.50652715939833,11.191040642760832,1.0027092387146317,24.11111111111111
12,DIV4,12,438.0193100383694,429.40034703240786,9.424829897741617,113.66420187701138,95.85846833173814,90.7844868399118,89.45368986134373,108.6254527768668,17.941471564055632,1.0024828359181983,29.555555555555557
13,DIV4,13,438.0193100383694,429.40034703240786,9.424829897741617,72.00518799497347,122.1998739474282,90.13413774037106,46.32649957011308,86.58214431458518,62.06039716726678,1.0168530229630273,27.430555555555557
14,DIV4,14,427.8560040698322,413.17304574292314,18.187961814233784,37.669844861988615,111.4862035088864,62.196173174617485,48.98137741853749,56.66101983631031,40.93900343909718,1.0213490191625005,35.0
15,DIV4,15,468.11988828621884,357.8334627031463,3.63034823602157,36.871909525445425,116.23165009628613,77.43845005988828,42.445882993161185,57.60728877009551,79.3326909438162,1.1013434790977557,34.47540983606557
16,DIV4,16,468.11988828621884,357.8334627031463,3.63034823602157,41.99611474441755,128.52910119872146,82.1232515589969,30.958989112321746,67.12890709747003,130.91017665768882,1.0501051347500554,33.0
17,DIV4,17,468.11988828621884,357.8334627031463,3.63034823602157,27.96960043415375,113.51729005685655,83.74545163162655,43.423789679313174,51.36927711610121,138.3808274601318,1.0558135208584498,34.21111111111111
18,DIV4,18,468.11988828621884,357.8334627031463,3.63034823602157,36.09609262560434,125.36265245765446,90.90478295098313,31.36178314983819,61.832816356082425,96.57202097291336,1.037941649043848,34.10526315789474
19,DIV4,19,468.11988828621884,357.8334627031463,3.63034823602157,40.61037401456273,122.5178907550958,71.25343585970317,36.96294574225438,63.860217308871235,34.69361018027406,1.0220029758924485,24.4
20,DIV4,20,450.003197730721,364.2219764724126,0.5000026226043701,35.36178739825554,123.5470337181465,82.73756097635214,33.4551124133036,60.794434397416396,22.04763592697812,1.0087887798017912,29.333333333333336
21,DIV4,21,460.4054260955408,333.12402052717397,0.688945811063007,50.42169668559731,137.66430257078713,82.74619779581174,22.93205191689038,75.7111694169361,203.35182797669134,1.0302790440005858,34.69465648854962
22,DIV4,22,460.4054260955408,333.12402052717397,0.688945811063007,49.65645634836727,137.01541071425598,82.94171332290063,23.24116063369248,74.9322217047161,130.23841151619692,1.031292165669453,33.13414634146341
23,DIV4,23,460.4054260955408,333.12402052717397,0.688945811063007,52.109542376030234,138.46645837335956,78.97725965286365,22.459090986206462,77.12784060709669,156.5838808600581,1.0249767142778459,34.21212121212121
24,DIV4,24,460.4054260955408,333.12402052717397,0.688945811063007,25.200437947585,111.95987363519076,84.39681351153226,44.61704396212684,49.50067970760487,52.02303071841415,1.018924460598308,32.96
25,DIV4,25,475.38284092265076,288.31341361451587,4.810327063790378,63.99720896808578,153.72412307541856,90.95587222332809,7.690799373902851,90.01573106402306,46.1707901642376,1.012217270130727,24.916666666666668
26,DIV4,26,406.8728861713563,505.4974980861279,15.076247315202993,34.46619341747631,117.93484019362805,73.08857186343985,40.534179650754496,57.881532271025,31.40236877262943,1.023518554204361,32.90909090909091
27,DIV4,27,377.15316110995764,620.8642708528564,13.263791182155956,24.194108127828333,106.08834225787852,75.70593871887877,51.250995551653595,45.603021503768865,32.32812294988956,1.0232080319336416,31.5
28,DIV4,28,418.31161226660487,307.85168161441965,30.05442156738715,63.54526112557623,149.95064614649567,80.07000392471387,16.464643212034677,88.87020805205242,137.98269085373303,1.0337180887442192,32.111111111111114
29,DIV4,29,366.5589224812892,617.5981115923034,20.098365565787756,58.045743856498355,138.02679372041902,67.53583103279976,25.832772352579834,81.21625043706756,26.79527012340658,1.0249743532705122,31.045454545454547
30,DIV4,30,363.0818059239908,647.1433999467339,3.7227374325495077,29.18899793361761,116.13814424584244,84.51284806645288,46.046523811039656,53.85732907178867,53.140430730286816,1.0117045960217488,31.409090909090907
31,DIV4,31,377.62178231514287,650.3926045435999,7.840475801949841,19.546809606584475,100.3817703150699,82.5292125082782,56.1479262583066,38.41064473772874,66.4251696457287,1.0444591916958665,32.48780487804878
32,DIV4,32,426.07586631346084,463.1372537070792,0.5000026226043701,20.717034679573292,104.70548742436601,82.28742521402096,52.0277638833534,42.53085363287157,118.06524712005927,1.0640825782467265,25.48
33,DIV4,33,353.1816425111111,664.9907240433489,20.04688668419828,19.48443846816344,98.68342903720581,77.75815239088858,58.80088824695418,37.840715225117776,55.227539901497956,1.0503396257028286,30.605263157894736
34,DIV4,34,448.80421536253317,298.8842256469694,16.67943557366182,28.196223537326247,111.29417792519874,73.25835563799455,46.32785157214106,50.72511998005052,33.30750648706662,1.0104137606334154,31.964285714285715
35,DIV4,35,413.529057701851,299.6719485980661,16.258142895584566,126.68822874153746,140.23350580784862,79.71850335698065,62.697921445431064,151.14748615601147,53.806153897780504,1.0163211925625721,33.888888888888886
36,DIV4,36,464.26122187420464,278.8305882640305,8.71203362851672,73.67150051862879,155.84687249571735,75.97487731105252,18.13316423237465,98.63197441895083,91.86201967738602,1.024356555306937,35.0
37,DIV4,37,404.6833058709284,306.06541025072437,15.565673832030097,97.99127981702426,167.83055553490377,84.66351684188147,33.032305693611065,123.7817060944846,75.44332183956024,1.0183292857799315,32.3469387755102
38,DIV4,38,372.9759378293941,574.3620806988342,23.57800082798605,31.712710853245365,111.36472655137787,69.99577882121297,47.43326535167227,53.16714507559541,32.744449050064674,1.024652785890274,30.36
39,DIV4,39,334.0415376651394,691.2716039898929,5.8748707290111035,57.973576530896445,146.83275289234106,88.46746509775089,15.945715496493138,83.73786429368316,66.7856715714175,1.0036468241376553,25.285486443381178
40,DIV4,40,325.21165183011647,353.91031488818595,49.60363997147588,120.35776132249126,145.53507433358044,97.59859488896761,56.68988015772364,144.8458845893716,82.03966779370195,1.0436964386041343,34.267857142857146
41,DIV4,41,360.048291111863,605.9489363074722,1.8448290857903151,30.10155448074828,118.22401269027087,88.52445462309376,38.60164916473083,55.22479687664366,45.38397506749516,1.0188035201160888,27.136363636363637
42,DIV4,42,360.048291111863,605.9489363074722,1.8448290857903151,35.25067292744763,121.84882673660722,82.15744748940325,36.45581192685783,59.82761089737354,96.33198422997323,1.0437272144617622,24.653605015673982
43,DIV4,43,360.048291111863,605.9489363074722,1.8448290857903151,48.94297951227975,138.29429149783704,91.6691957941676,26.183260192492813,74.9098901255047,60.34985906697599,1.0687679444210554,12.564935064935066
44,DIV4,44,386.96743368978366,605.1863636744623,10.08426627854029,23.348470369225264,110.57052777760468,84.08149889378385,45.95263156608098,47.90347950865614,94.56258136928497,1.023326337718893,35.0
45,DIV4,45,427.4888052105333,501.6463935580048,2.507184910576881,12.473705005231407,89.60489109725927,87.64321319125875,66.6222747456625,26.921578808596355,61.82330749486789,1.0239004554407145,33.55263157894737
46,DIV4,46,411.8497251479708,536.3219417108544,6.929698112695637,32.88466068557556,120.20665523585282,81.2770950803783,36.875069824404996,57.793888530715535,105.98285259299044,1.0245505547722105,35.0
47,DIV4,47,416.6035223339391,530.707274630757,4.519390332683786,33.225021915973656,121.9799268080071,87.69831030936851,34.63529049391533,58.83074454547735,50.46629874098338,1.0151450308038823,32.5
48,DIV4,48,363.286832004693,638.6005070546137,18.5000057220459,32.37648241630194,120.74959648601292,84.80761486238106,35.84955756069239,57.78379627109445,52.56962192333479,1.0132598330279965,23.3125
49,DIV4,49,358.6792997615649,706.7204041576014,8.518874818729987,32.08800106622397,120.70138123753172,86.09683625186894,35.86631618269494,57.51064895919316,88.30245671334596,1.0480796049417074,32.81818181818182
50,DIV4,50,346.9144415751906,567.3917311655238,40.21148769060376,84.18750175866963,144.70074073385715,55.833617570393514,38.5115043334729,105.54108849224708,9.572173102714086,1.007970948816989,26.4
51,DIV4,51,319.2155612596528,658.6506344255781,41.26291651785246,30.34240085176019,72.51178787461943,69.88946566224101,86.50891753208269,24.928256191547778,23.1636272434247,1.068472878719669,28.666666666666668
52,DIV4,52,413.33123126723854,475.39530128612364,16.31809220425383,23.39742462246029,106.50184603815339,79.1992864351975,50.3649280131592,44.34211084466036,58.540925623216296,1.04272713222535,30.694444444444443
53,DIV4,53,427.4496624876509,467.7087478274995,9.23879577728754,32.99710928892673,118.39491663438683,77.58377430163515,38.84120169721204,56.87350456521431,26.682565497169346,1.0175548485895587,35.0
54,DIV4,54,422.0960546849691,455.332568461225,14.499985552880103,21.727750397736457,108.94986479112647,80.8417796312142,47.666502670644874,46.338563067930295,39.130332006945004,1.0064356987563607,34.142857142857146
55,DIV4,55,473.43073580271545,333.9817129616026,4.399163993594222,38.19593971262558,119.90004528082625,72.92121467411665,39.87198208264076,61.30302919446237,28.192144633606045,1.0673050472505672,33.38095238095238
56,DIV4,56,388.8538445015052,530.7560236198714,21.508087080580143,32.01869647468128,109.44990552166189,69.1630296553577,49.75490063087924,52.77405495731633,51.20540398858838,1.046347577199436,29.31578947368421
57,DIV4,57,396.8757580743751,530.4853001618584,16.79536044939115,25.4667008933764,99.41509415706072,68.4273958255089,58.95629715454376,41.92874595533107,26.440734842877994,1.026321516758251,32.0
58,DIV4,58,332.0076316897964,664.3438201817136,32.71566175010904,64.19806858240122,140.24527055693258,63.74615458096151,28.361122527798706,87.13947106642166,15.65219802613833,1.0167612082930437,35.0
59,DIV4,59,372.5357264212348,611.9791353211182,17.5000057220459,39.17629222402755,126.83137963849939,83.09542195436872,30.020102546030255,64.26732600493257,29.225967998465592,1.0139626877867431,18.80952380952381
60,DIV4,60,338.9032285971351,730.0516611020358,14.500005722045898,30.90972829144764,116.33996787359605,82.26265898493601,42.91158074567157,54.475845530575896,87.8046528926711,1.022116194222865,14.660714285714286
61,DIV4,61,361.4616744783853,599.0495346094855,26.247644911857318,29.546865691590455,108.02529131460996,68.36674257822878,50.86285343273598,50.123226759190764,29.95821131547126,1.0202058212235543,35.0
62,DIV4,62,392.4840647434969,607.3916252418052,5.919768198125446,93.77053041855503,146.48521785862127,107.37038862469629,38.8150091292199,117.54413677252576,64.63345157499424,1.07106853720065,31.472972972972975
63,DIV4,63,178.6589311662615,638.6283825042079,75.50001525878906,171.20490452888492,94.03097914944932,90.75084067668678,109.85566333216751,156.81668729879274,62.734883471783746,1.0148358336549803,19.060606060606062
64,DIV4,64,243.69758109325792,438.76573226016853,70.62422544524212,121.00086397953827,146.46382366407988,99.71004350831316,56.330645257732776,146.1802710421439,30.9158222541721,1.0253380489105697,30.545454545454547
65,DIV4,65,230.9580037002698,475.1273646340157,70.49502836327518,125.42936115479417,143.1556081937624,96.31134861539094,60.193567563832836,147.41273372024662,16.8785291409285,1.080349776011661,29.692307692307693
66,DIV4,66,234.57152312385003,467.2693160950347,69.82900586406141,121.17291941348125,144.44627017529933,94.57458080498446,57.80851513125242,145.43708180666425,16.08000360921104,1.0313342783734085,26.0
67,DIV4,67,265.99906180547333,428.12978564617964,73.84882819975161,82.87390678524962,170.11225541371823,86.66492443088329,17.467735462301146,108.82638446683775,16.128075951508272,1.0071022624685464,23.666666666666668
68,DIV4,68,295.0020329248473,406.73707848199706,70.86414263477177,101.43379029225714,162.2324244956019,79.03472851051713,37.78251693848617,126.55582228127946,10.395695960101015,1.0169762654789634,35.0
69,DIV4,69,285.24384841304743,417.0810401443174,72.52053378320034,68.7288848608308,158.12184173647904,86.35475276864102,6.771197369454583,94.69328760975037,13.184596718597254,1.005576173613349,28.2
70,DIV4,70,437.51471355126466,301.5675698179371,21.582598245457348,68.24531407017072,150.10873260390466,74.18633707590001,21.41943545645234,92.935247466638,124.78859084645828,1.0419389836794244,33.831460674157306
71,DIV4,71,442.3528481613052,293.64800836873576,18.962971541193017,51.989821514659546,135.58197706245213,73.48208368431926,25.605278955255528,76.30990887212826,22.14288241622997,1.0252735791735632,35.0
72,DIV4,72,396.3822572690471,309.06414459819405,23.50000762939453,101.30792280468054,164.955823495637,86.01584883250383,35.90768249888653,127.09883618730227,47.32810775797672,1.04910031324541,28.928571428571427
73,DIV4,73,396.3822572690471,309.06414459819405,23.50000762939453,113.63370414511914,153.1087823593283,82.35757379689997,48.81494419065834,138.93131936042116,100.099356773763,1.056989909720589,34.8
74,DIV4,74,396.3822572690471,309.06414459819405,23.50000762939453,109.18881806662029,156.45892248633882,81.11105431485251,44.97335901039726,134.34484116310242,134.70092256689588,1.042122266305061,35.0
75,DIV4,75,396.3822572690471,309.06414459819405,23.50000762939453,133.06244652481456,131.38203222320598,91.18443698664989,71.06859903973641,145.78553645622563,112.6668758889319,1.249911556761099,31.65671641791045
76,DIV4,76,396.3822572690471,309.06414459819405,23.50000762939453,116.04925045147867,148.67823728143514,85.48043830721174,53.22847028623631,137.20428351488385,135.62667470774878,1.128909530104074,28.21951219512195
77,DIV4,77,396.3822572690471,309.06414459819405,23.50000762939453,127.41464464164429,135.3591199283644,87.16958424273818,66.74186430405722,140.11233948257552,82.2485774647728,1.2864420649726147,26.2
78,DIV4,78,396.3822572690471,309.06414459819405,23.50000762939453,115.34052560660986,151.95100624727667,88.0890162517438,50.39633682363981,139.0499026276427,95.58051318448304,1.0851981826294388,27.842105263157894
79,DIV4,79,396.3822572690471,309.06414459819405,23.50000762939453,117.11083617263229,150.26169620947076,85.30310554483744,52.261974417811956,142.03718235361413,150.25672494120926,1.0573129480856123,30.565217391304348
80,DIV4,80,402.98866962533265,304.3275251687807,23.955845901033193,101.44601232778668,157.5677551938564,73.09253668225044,40.04515350780174,125.46904493929355,15.831830239747212,1.0335003588873575,31.0
81,DIV4,81,375.80797994451905,332.6614287643165,18.706976833452067,112.85728720855127,150.16527726044097,87.53247714938229,48.002406556782894,136.58660649392203,93.39532922522585,1.136335686981291,31.150943396226417
82,DIV4,82,375.80797994451905,332.6614287643165,18.706976833452067,105.94459954215432,149.76897217069023,95.59052453926296,41.74329816131048,130.9613632198492,69.92839570771491,1.1551149225030708,29.17142857142857
83,DIV4,83,327.0397231614704,369.24705001711465,65.02249882356156,128.39724240266813,139.94477023719102,89.76250144952311,63.10011975254159,153.68630325350557,117.78848368246888,1.0301800618402555,33.90909090909091
84,DIV4,84,327.0397231614704,369.24705001711465,65.02249882356156,129.03448028504525,138.4608394382417,89.36139838515763,63.966359058579044,154.15800760216402,69.18076115821293,1.0447580106386307,32.53846153846154
85,DIV4,85,327.0397231614704,369.24705001711465,65.02249882356156,118.90020450069409,146.67291362500129,84.68955756279924,54.607634681502276,142.14983000949772,191.01423674001362,1.0887821340167532,28.56756756756757
86,DIV4,86,327.0397231614704,369.24705001711465,65.02249882356156,122.9272353714237,142.21937317680622,85.05357625129022,59.5924521447042,145.62096995518743,172.02177661804268,1.09270330077083,33.46078431372549
87,DIV4,87,327.0397231614704,369.24705001711465,65.02249882356156,115.42600526715873,149.64738054692128,83.40333361435844,51.819976468278355,140.00456250559466,109.80338121239359,1.0841908865048415,33.622950819672134
88,DIV4,88,327.0397231614704,369.24705001711465,65.02249882356156,116.41410562326428,149.6817537947153,88.91429039316365,51.10412593098665,141.9908873050437,141.98939052042272,1.0593363330788772,33.38202247191011
89,DIV4,89,327.0397231614704,369.24705001711465,65.02249882356156,97.35993449911446,165.07488093357856,87.66150257518468,32.739777561554,122.98690588696637,94.44597642607819,1.0479465239456796,35.0
90,DIV4,90,302.7745448104401,375.82607959085277,62.452362874521,158.23491958008768,88.6272761818352,109.89661231968381,113.51300694442027,144.81384038975872,54.15143277340311,1.0228702391251123,34.294117647058826
91,DIV4,91,313.7179455879649,370.1306836984727,63.48899875646729,126.35216587325361,140.19704646000977,95.53911974900281,62.99488083862586,147.9685296130493,124.30820355445752,1.0758425897580168,24.474358974358974
92,DIV4,92,313.7179455879649,370.1306836984727,63.48899875646729,112.77890965726709,156.2417446237264,91.60923063075832,47.09217101124115,138.61074442634154,96.8051180493786,1.0230504381317442,20.85
93,DIV4,93,304.6769912939349,405.8602212223832,70.1891671777353,106.63754486890365,152.7774353806741,89.107129493982,43.105539072040216,131.51033915191744,180.88508461482564,1.1063804192869233,29.598130841121495
94,DIV4,94,304.6769912939349,405.8602212223832,70.1891671777353,109.57353876347455,150.0926670786702,89.5968757074658,45.76202995196593,135.0593753227768,181.1743056542088,1.1184776087481079,29.442307692307693
95,DIV4,95,332.16539725809116,354.19262544338386,60.50001525878906,77.15479571222505,160.7952011230594,89.79346843809775,18.47816188834038,102.97371400841322,78.37177567461288,1.0516208781778,34.06122448979592
96,DIV4,96,332.16539725809116,354.19262544338386,60.50001525878906,82.34163713009387,163.3419829927463,91.94546557799808,20.967462470195212,108.35591356185348,58.02820941880548,1.0538830875729623,22.142857142857142
97,DIV4,97,332.16539725809116,354.19262544338386,60.50001525878906,118.2483717824978,129.4132447023984,88.62297299463076,60.05027108366536,124.82342444262255,79.41086888881641,1.6768677760968185,17.145833333333332
98,DIV4,98,323.2157526542615,358.1649559509041,59.83792618014816,111.79861982013283,153.64183265198469,94.66062236806029,47.03396777523921,137.4999175577503,96.77299664351175,1.0823339070022306,27.833333333333332
99,DIV4,99,331.4082492409814,350.06424234570073,57.50001525878906,133.56479787721315,134.22913162354465,95.17015858532166,69.15134398292162,157.4039699407041,114.50992468331214,1.0369804212754687,32.397260273972606
100,DIV4,100,336.78262466136687,349.30383315419067,58.407582489296445,104.62827477584764,151.68712290705253,94.78027120191659,42.23068859337183,129.01448348977897,124.46858676590932,1.1234353354841444,32.9125
101,DIV4,101,336.78262466136687,349.30383315419067,58.407582489296445,114.64169532164344,143.07363457240973,94.64892900598895,51.81417786228224,138.0510132797212,135.4817485139803,1.186057919806314,31.275862068965516
102,DIV4,102,336.78262466136687,349.30383315419067,58.407582489296445,99.63742176824262,157.94131249214988,95.54144760360994,36.05718436598333,124.5080272537999,79.12201919909967,1.1037853470822638,28.9
103,DIV4,103,336.78262466136687,349.30383315419067,58.407582489296445,94.71223448646472,167.23497746781624,94.31154707531651,30.54245264964219,120.2925398895026,73.56047256538247,1.030964441564347,35.0
104,DIV4,104,348.43676387958595,346.42865537152073,58.50001525878906,85.68235881931412,156.26342513550156,83.13739367507308,26.22776330699488,111.15278869453816,49.72002748586603,1.090455575708332,26.757575757575758
105,DIV4,105,348.43676387958595,346.42865537152073,58.50001525878906,60.48649965055857,147.7472387259874,86.40037395692863,14.470006612209897,86.15872257027455,79.82254705263323,1.0433414476361018,25.083333333333332
106,DIV4,106,348.43676387958595,346.42865537152073,58.50001525878906,80.55683377822238,160.54659547394755,87.96360066187007,22.621469365550944,105.89414369521475,156.2232316381014,1.0801414885738378,32.97959183673469
107,DIV4,107,339.0494082353119,352.7185205354292,61.847628878619204,97.61657129637666,156.02658189842276,85.62411286686903,34.307836257457666,123.11965066687223,55.9922150666838,1.110455856916048,32.111111111111114
108,DIV4,108,339.0494082353119,352.7185205354292,61.847628878619204,95.10181956696348,163.8906225606008,87.46245159931063,31.091600789118242,120.85090348760825,95.63655141629759,1.0474288610600555,31.033333333333335
109,DIV4,109,339.0494082353119,352.7185205354292,61.847628878619204,89.11482244483271,160.82959774894644,87.98967768240591,28.81014788050698,114.4249093797214,98.83480879161596,1.0750728087034696,32.42424242424242
110,DIV4,110,360.0831750221573,339.58238975117564,53.75914506055211,101.14625040449168,164.25216273576473,79.03379459214949,36.83178920730079,126.6241392539841,3.8337328848196393,1.0005283112799943,32.0
111,DIV4,111,367.4308923569714,338.891156514472,51.537499216451835,69.64540293158721,158.96432912158264,86.93215531388387,10.241007076449332,95.60719967153028,21.04526431682245,1.0160182685955597,21.142857142857142
112,DIV4,112,400.9525164734901,320.0581034573032,37.77210375113255,47.805292345837465,131.30756046175074,79.57266642360857,32.026310242420635,72.25913741131781,192.7634449596938,1.112078369059152,29.992248062015506
113,DIV4,113,400.9525164734901,320.0581034573032,37.77210375113255,64.28051195574022,142.6480595398797,84.74020485443967,33.77925981291037,88.5429928394756,177.7337555256625,1.230415643876098,30.883928571428573
114,DIV4,114,400.9525164734901,320.0581034573032,37.77210375113255,38.13411961213551,126.43583645571324,95.79048452308149,30.235251532924817,63.48190429348379,28.22332882629102,1.0216003687799775,33.94736842105263
115,DIV4,115,390.64147492837225,319.85005255682296,40.61701344303258,67.97839064939649,154.88761366701488,80.29749903048021,14.196926604980172,93.44840241950317,37.325510186469856,1.0180998205804959,30.217391304347824
116,DIV4,116,372.9915266389012,346.16572453117203,50.47122281170316,54.15798090555127,138.9825900826771,84.31665143280883,24.873208017048366,78.2433735739669,185.09984469551026,1.0995301055909972,32.78448275862069
117,DIV4,117,372.9915266389012,346.16572453117203,50.47122281170316,73.25746476375231,151.71711161213796,84.89792442682139,21.09927775168272,98.39285046716941,192.58762052357798,1.1216762573650363,32.983193277310924
118,DIV4,118,372.9915266389012,346.16572453117203,50.47122281170316,84.05825048589638,156.99545013232014,85.21193778032475,28.15658606145234,109.69976121592953,183.59260426540283,1.1050736546151605,35.0
119,DIV4,119,372.9915266389012,346.16572453117203,50.47122281170316,72.40121741016397,157.74115353855365,85.85269827757429,17.917349554316353,98.11965062069427,160.96040581125672,1.0567898601414687,35.0
120,DIV4,120,372.9915266389012,346.16572453117203,50.47122281170316,80.6998516106482,157.60334417886617,87.08088830387938,23.36420632735537,106.39078685560438,215.4525427621285,1.0941832077558586,29.77777777777778
121,DIV4,121,374.0800880123278,319.7963003258215,42.77313859235526,81.9753920571527,153.635303879613,82.09327598370915,28.220875998946227,107.38179071972532,137.99458782187537,1.122081279379704,30.620689655172413
122,DIV4,122,380.0693911840031,321.4517245585709,43.49568116781337,105.95229687318484,148.9188981054291,78.93277443138508,43.12534719151311,130.67195177854757,115.81172226388549,1.1213769555554294,30.35135135135135
123,DIV4,123,380.0693911840031,321.4517245585709,43.49568116781337,70.8056515399091,156.7448801617224,86.60392323329184,14.631770330915462,96.21628745592052,53.1987043659894,1.0368975207906974,33.361111111111114
124,DIV4,124,381.95336683538693,327.26116625036803,44.77041306367593,68.15547224741097,153.02471193035774,82.03978522171478,20.386750212028023,93.51136740664602,192.32619568617048,1.0634636945660045,31.37795275590551
125,DIV4,125,398.7373391966506,327.3516104965451,39.69266638956374,40.35719510436053,118.35825771958469,66.87779402714911,41.760089832193245,61.85719041607304,68.96897826375066,1.03289149678389,30.46153846153846
126,DIV4,126,399.136434514071,327.0616655984023,39.504396339079676,43.133602437944,127.63943365036084,82.44050395039635,32.01062140550868,67.83226724179727,40.55257463814424,1.0473688885473411,28.066666666666666
127,DIV4,127,437.2459091433171,385.3472007440243,16.528988339315738,26.767089855214273,107.75117285974396,72.32627845532741,49.93666757999228,47.98640751628888,54.85087805817617,1.0159476504245715,31.48780487804878
128,DIV4,128,453.9691629224851,384.0718815293481,7.602495079590343,26.74732642219677,110.52522453770148,77.6904558820222,46.5463142808422,49.334457594458996,68.5720595200143,1.0262555524123922,33.857142857142854
129,DIV4,129,458.4558735238188,374.80210912665194,6.503233345072643,26.29161956274229,112.32978911706269,79.98504861156815,44.5844743973626,50.344025795642374,118.58233302848234,1.021153416529887,35.0
130,DIV4,130,460.7148356603597,324.5287747109876,0.6402973338790569,64.28964208273256,148.46323788213527,81.7113362223237,21.537320015882294,89.68627751402336,149.0703893605775,1.044548192403008,35.0
131,DIV4,131,460.7148356603597,324.5287747109876,0.6402973338790569,54.90118142445654,141.8865824365355,85.28924595307178,18.876455158796855,80.18875291418097,183.63259347282954,1.031168074931304,35.0
132,DIV4,132,460.7148356603597,324.5287747109876,0.6402973338790569,57.133599698280605,145.6907489125488,85.85626926381285,17.745174278638363,82.86682373071449,126.33495432093403,1.0557411710182394,25.531645569620252
133,DIV4,133,460.7148356603597,324.5287747109876,0.6402973338790569,55.84131526306655,143.83037770591827,85.61250186157581,17.39756838442821,81.38288135188117,183.58165793459622,1.0446568383689059,28.495652173913044
134,DIV4,134,446.44199469770444,280.37399456116174,6.10275114246461,84.993845754763,167.33801360366226,82.88929465378797,21.382258996977576,110.68656148140961,31.30456826613935,1.0195521527543066,26.476190476190474
135,DIV4,135,471.76614985602754,278.940145829033,5.5975360202758075,58.48152315828558,148.35691281307135,92.30364915277825,7.983944813066456,84.53213711528622,2.6668096412476436,1.0003683628692477,1.0
136,DIV4,136,465.9886124330095,286.5477227662564,8.584169485579999,78.6891456442227,152.06636028133704,73.87759560991816,31.27044728750682,103.26316325063065,131.7533588385527,1.09955873223562,31.617021276595743
137,DIV4,137,465.9886124330095,286.5477227662564,8.584169485579999,54.643673014541015,139.51206812610567,76.16988973453462,21.97047112343979,79.46492987100793,105.42180453338239,1.034535191991695,33.794520547945204
138,DIV4,138,465.9886124330095,286.5477227662564,8.584169485579999,109.24203379340419,147.89365519209778,77.30242198757884,49.736162324749735,133.3841592251013,172.54303100793646,1.0925548159755893,31.720338983050848
139,DIV4,139,465.9886124330095,286.5477227662564,8.584169485579999,96.26485169443878,153.98396316910262,75.06551378705386,39.05100001114507,120.75594772970908,111.65132310426755,1.089565569247671,32.61538461538461
140,DIV4,140,465.9886124330095,286.5477227662564,8.584169485579999,102.87348309315138,152.87323396829996,79.80585063745241,43.23703944885154,127.73445970212312,149.2950269124434,1.0935606743029453,33.04123711340206
141,DIV4,141,389.26470396409314,310.990155179772,37.76496915447729,72.00122492376671,157.9580941715368,81.43835709066433,12.458014723311559,97.43282530349252,70.2399412932863,1.0155669979753141,25.727272727272727
142,DIV4,142,389.66657709291917,310.69457400816134,33.423151874904455,100.3434829916157,160.70724727466913,83.85870820184782,35.819873133058415,125.85703817288476,178.8128953754177,1.0558853325448596,33.44761904761905
143,DIV4,143,389.66657709291917,310.69457400816134,33.423151874904455,84.37536282714528,165.64779033261206,80.74538921170108,22.098198126091344,109.72766587955121,120.39755642409418,1.0247398680256283,31.82857142857143
144,DIV4,144,389.66657709291917,310.69457400816134,33.423151874904455,97.07027784923032,158.20612145750835,88.88498760037021,35.28649579346015,121.80976853799336,161.3570369578911,1.131394499352789,30.625
145,DIV4,145,393.389678763944,308.726180477002,30.504711542711938,83.9953153244722,163.46037254837788,86.2896123054699,21.53156473124145,109.34330531072139,61.2031502238636,1.0487553240708547,26.5
146,DIV4,146,393.389678763944,308.726180477002,30.504711542711938,71.39011559789763,156.4022899525606,85.88905158291661,16.911135528888675,96.67206785600607,161.53112320135435,1.0555635915065047,35.0
147,DIV4,147,405.9295686765259,448.75608170239434,25.13430360506417,23.649519419190355,101.59946301528466,72.38920555388192,56.09425886838562,42.38915135822239,43.34540108676987,1.0268339635595778,31.294117647058822
148,DIV4,148,178.65278761163864,598.2433655743171,78.18112034600314,168.48786768827944,95.75288832502245,90.45322832582539,108.00512268871888,157.51058564550505,84.52520479975391,1.024070143961927,34.17307692307692
149,DIV4,149,370.1924963015329,348.3585561618392,16.044881930486486,120.84818609000972,146.42433544092873,87.31297282892639,56.451169426924565,145.61623738955814,112.06502834969183,1.027272612543203,33.088235294117645
150,DIV4,150,369.901154096077,347.5661457993332,16.5000057220459,132.09590306041656,136.06720204489474,83.37051249682168,67.36801506920396,156.39794434984498,51.460079694724584,1.0303621913537342,24.0
151,DIV4,151,326.56884064751017,347.85812854084156,52.17912150754042,126.44203656332819,141.72450498245507,98.84669789044916,61.621464201799704,151.2771992324663,41.1487649398518,1.0194422031717705,35.0
152,DIV4,152,326.56884064751017,347.85812854084156,52.17912150754042,121.40949579107075,147.19332683454996,93.0710119888852,56.092653088502075,147.09874790054272,124.04985918521315,1.0250946514404453,35.0
153,DIV4,153,338.4742956967987,340.39825782099564,49.075291171459966,118.65095982295728,141.74926591455528,109.7286620780731,58.42270860946915,139.47080676141866,48.713633489639534,1.069999436532896,30.256410256410255
154,DIV4,154,200.91819755292562,531.9277392514823,79.50001525878906,90.49939615533715,161.11340067071038,92.8743260434042,27.179004419697403,116.44501368356678,38.25797504147537,1.0673937213119482,20.04
155,DIV4,155,216.92859967813095,507.8961011735106,72.56029134879259,109.62391894563828,156.29685139671798,92.03772721527481,44.950218088054896,133.05614357580703,44.59570428266596,1.1039432226906505,22.814814814814813
156,DIV4,156,395.4346971511166,316.6399172447741,12.566467074580062,114.57063604061784,149.67000957507994,81.43444661616932,50.93431238853524,139.48910021276285,110.18463648761872,1.0452258386122737,26.063492063492063
157,DIV4,157,405.1675821925072,303.98496371228873,20.56482438153487,92.53639018374867,157.04336846145756,85.65701427308564,32.047505489839594,117.79093373062341,94.97471997151003,1.0953355570378762,35.0
158,DIV4,158,385.5291377466105,313.10550970593397,35.5603288385556,71.24338318746776,154.9478976335589,92.40344333830767,20.788586733090433,96.14467016005985,16.733388466318548,1.0708795283198334,33.76923076923077
159,DIV4,159,396.70681587420484,326.65943179629494,40.48458837925306,62.32686997814887,149.29641691990068,82.33484312412182,15.733668394424317,87.84022371752366,159.4339655227694,1.0368180173728652,35.0
160,DIV4,160,399.6059591188042,355.69657942347624,37.44190768939101,34.278563396978804,119.35888079445105,78.54143591006181,38.02848608883115,57.85976945857541,42.46021194215734,1.0292741139684665,30.692307692307693
161,DIV4,161,431.58243234442995,289.81271230325655,8.547626601330046,90.61673385380028,169.13968527459244,82.84054528025878,26.25126462195449,116.24874116036584,50.27014494090649,1.0150819287754258,32.18181818181818
162,DIV4,162,433.94018630952684,287.16148451464045,11.500004768371582,79.35354226580816,163.0136002460702,84.48952499916423,17.18885192333489,105.0515427727741,46.36747844453594,1.0371038774487273,28.24137931034483
163,DIV4,163,433.94018630952684,287.16148451464045,11.500004768371582,76.91537555555615,161.90398046978623,84.25506448937607,20.086782652524278,102.70867223643288,112.23738558526424,1.0589470409683315,30.619718309859156
164,DIV4,164,433.94018630952684,287.16148451464045,11.500004768371582,76.03316129712655,161.1307832580225,86.309316529435,15.279987772908386,101.72679961288924,49.29084162803214,1.0417003629177861,28.548387096774192
165,DIV4,165,419.42311560112546,293.4372544532436,23.585068779818684,51.585516411406545,139.70546426043165,84.17961975742382,18.19182630558709,77.13215407867847,89.6752182032158,1.0144152774003667,35.0
166,DIV4,166,453.54823893945746,274.5838423577079,8.553338013001293,67.69753804824946,154.78276156609908,80.69544043116531,12.18433857137792,93.21011809738353,94.86933669429877,1.013648026301306,32.265625
167,DIV4,167,441.4006746764689,283.01880910999665,8.512219424103405,71.65360209809448,155.74593431253544,85.04579583047115,15.998343727642983,97.48273557481066,59.51076742556858,1.049605357844744,34.743589743589745
168,DIV4,168,441.32406985952326,282.6985869809737,9.596194577055103,83.42107940122605,168.4623597586542,84.58653031343944,19.192331068508377,109.16762194113255,101.45178961884571,1.0137896447079882,28.523809523809526
169,DIV4,169,441.32406985952326,282.6985869809737,9.596194577055103,94.72977078128162,161.22175585352136,80.72596095217509,31.41049514984428,119.94172296409587,84.55496778103061,1.0565805133286554,34.2
170,DIV4,170,439.4546627449119,283.749063009673,10.308772085101406,110.31576604050872,153.91537167624756,80.27036799770255,46.191884740142065,135.5825482862621,138.5511123071997,1.04563071821985,33.86046511627907
171,DIV4,171,463.8311497612221,271.2112497809801,8.30755718287183,84.50644583473768,158.85882027446695,73.10325339508154,27.25641026459649,108.72101804157552,111.65251799093062,1.054644629776831,33.63013698630137
172,DIV4,172,385.1779349014202,552.1156475090082,0.5125342935605501,29.530278167770046,118.9813862075686,88.94081256925783,37.04417652808794,55.16659127407816,65.66982548996346,1.0047252862380018,14.761904761904761
173,DIV4,173,369.2792655077719,659.0463733248836,11.500004768371582,28.786657632147694,118.05174109838639,86.72143308705431,38.11741467637346,54.483678409086394,104.72793328969618,1.015913417308582,25.238095238095237
174,DIV4,174,389.0223703371226,471.1715268416359,30.960149365686426,39.94610540734553,126.95796066318641,78.77394405187901,30.43286257701701,64.86624605922434,13.607090266878181,1.0137149279645346,28.727272727272727
175,DIV4,175,389.42641093955615,486.84045333978133,28.56898054586169,35.58846050399298,121.18797486955846,79.2090069132398,36.149182862778936,59.697756031590956,43.80829553601834,1.0235361091413062,29.806451612903224
176,DIV4,176,391.6719730610687,462.9150910577289,30.520781883412308,30.369464603673322,112.00934621925244,74.00674993008448,45.65415359583904,52.18471416061352,50.29997585049522,1.029677809951457,30.075
177,DIV4,177,412.6885071074875,509.29373393872226,10.986872497816409,26.90752571567294,114.33576761457377,81.44392348428175,42.23272924911986,51.50377282058528,81.017856595042,1.0182481738574178,35.0
178,DIV4,178,402.2625884502151,520.2510370425583,15.324708948707153,43.11020238552093,127.70203001741535,75.80469031920067,31.07249680223217,67.27235110886274,58.38992140602902,1.0309097929001252,35.0
179,DIV4,179,401.38224266012895,502.29184034788193,18.873333215433142,24.746843520393593,112.07931083275282,80.76806740265579,44.62624418995545,49.4568928519674,54.13621995045909,1.019186848185179,35.0
180,DIV4,180,441.38348916150136,451.37986828781897,3.2157802374167845,29.273959686520676,103.49001412017468,87.04612010240425,53.00997449066311,43.373338878060714,153.2270224041575,1.136379870149617,25.285714285714285
181,DIV4,181,441.38348916150136,451.37986828781897,3.2157802374167845,31.558635332080456,120.66309030576546,92.14291734809687,35.76203195449171,57.29060235618829,79.24516698344831,1.04412194965642,20.125
182,DIV4,182,441.38348916150136,451.37986828781897,3.2157802374167845,36.46278852421114,125.45989463271607,90.02577629157913,30.935554315570503,62.10680914293998,79.24719626551583,1.0236819402119146,32.75
183,DIV4,183,441.38348916150136,451.37986828781897,3.2157802374167845,25.027380929401073,112.23729290129631,84.99318153545413,44.24275375910553,49.42953800927005,105.04102636609085,1.0438748951959451,32.921875
184,DIV4,184,442.5484517977832,404.77808266918873,0.5000026226043701,41.174917256694705,130.7972350166966,87.83107554498706,25.416624727754115,67.11533227891833,118.61960294843067,1.0212244478542711,14.887323943661972
185,DIV4,185,375.87668424568307,377.9986841251749,46.53287247958299,35.667824201528525,122.69387692666014,79.80436805013069,34.61788883106616,60.446564167045494,63.48783522415202,1.0393906255497474,34.875
186,DIV4,186,391.4962416668531,562.6001096495303,14.574428601030986,43.1742469203279,124.59003436212902,71.89353892710743,34.393030977346214,65.7996767979954,28.32273463854524,1.0375306196276388,26.727272727272727
187,DIV4,187,212.86195432428144,501.8470813577142,78.46441434017537,110.34326962226643,148.26061956889467,99.20618876373146,46.74505515914474,135.34727386816348,37.150407155330235,1.015365772553681,20.333333333333332
188,DIV4,188,210.99899342180365,506.2232265712843,77.6857950855109,123.59462759962649,140.35744750905803,96.3804508574453,60.908957400858846,142.8756990164069,64.34767741756775,1.1951378379264932,32.55
189,DIV4,189,240.17885511570972,444.22145862515134,75.41322095634797,115.91164880235304,153.55418804555003,89.86166441233752,50.12663652218915,141.86668149039033,41.41265119994095,1.0200086782235303,33.148148148148145
190,DIV4,190,247.81345499431376,440.4479201252422,75.23592684857059,114.69408494639094,152.0066289356918,92.09668661277114,50.39190073182392,139.88975523822631,84.72482236486819,1.0298906263908332,33.9811320754717
191,DIV4,191,368.97042817546804,510.4979665907315,36.59740479107806,32.10601105527351,119.89866875348515,80.64507217365417,37.02461096517838,57.203320333979455,54.51389910486637,1.0224342689657862,30.27777777777778
192,DIV4,192,344.62991350520963,600.7908404040447,35.93827920037652,147.98521697056725,64.17099594814269,106.7106216288256,138.05905238672375,124.77704090137443,18.527831230643667,1.0071490171942445,32.54545454545455
193,DIV4,193,344.62991350520963,600.7908404040447,35.93827920037652,147.98521697056725,64.17099594814269,106.7106216288256,138.05905238672375,124.77704090137443,18.527831230643667,1.0071490171942445,32.54545454545455
194,DIV6,0,732.6354019736075,455.1920857668223,31.844458895127143,161.4922649784028,97.0523787444698,96.74156288739066,22.771324858659863,72.31214234477163,65.2664250161694,1.0225647647694314,17.466101694915253
195,DIV6,1,696.8053273081703,508.2715114811825,45.119615932543795,166.99966758230596,83.55995841807042,91.7313786744694,33.192680768551845,58.479199429962854,27.16436722477469,1.0216116611537114,35.0
196,DIV6,2,536.1693125039699,406.7769794359628,33.07621821596116,134.6164732920042,45.86167307262077,97.17492451433984,70.07006073976135,21.716172631808366,59.144426195621335,1.016898062277135,30.790697674418606
197,DIV6,3,366.88913017417417,313.19381783055394,44.53930474634729,159.1262849440212,104.85431422447137,93.28311489707342,16.59137346896496,80.06885281685584,130.03041270438678,1.0408451983352442,31.783783783783782
198,DIV6,4,367.1222552942601,313.0340940257561,44.678675850949574,156.48754877325712,110.88456888550425,93.29511093574249,12.05363102903064,85.79465919861563,127.71139022603622,1.026592456673554,30.584415584415584
199,DIV6,5,428.7682167158693,303.26073245653333,47.50000762939453,138.72633637737232,129.6766674336424,87.7093406441266,18.76384733032144,104.70256478295305,197.4755783787525,1.0347013187605405,35.0
200,DIV6,6,428.7682167158693,303.26073245653333,47.50000762939453,140.69828497078743,127.20399596971338,88.74691550764554,17.62916356027959,102.25462632795015,200.40546612109236,1.0411418614528694,34.13333333333333
201,DIV6,7,420.5310728860945,302.1838686334919,47.05283205988929,147.47478426871191,120.2480313012,88.75178343701246,16.252822029079976,95.19609762412638,204.61652681235864,1.0555183774136858,33.648
202,DIV6,8,455.69054260387065,413.01520873721336,56.62851667271065,131.6284179156648,43.579498872118165,90.33590971863245,72.73685491321241,21.058407569802842,124.69720954514858,1.0570633129529698,33.33783783783784
203,DIV6,9,438.46728515218626,408.0539925067867,59.72349243201448,156.47194003795698,69.46115850204386,90.34883061525649,46.15850517193021,44.17766222373014,119.26331045129996,1.0477988276589778,30.013333333333332
204,DIV6,10,509.28065723958156,409.4671251497106,40.21904650487349,123.31107514765414,35.15617139929083,91.47544033428228,81.16914126649495,12.513734618638795,86.35062232599088,1.0305887246076617,28.46153846153846
205,DIV6,11,527.569923186806,396.68787561879543,30.91923452296989,161.32219835202122,78.21541660197884,99.27923108085277,39.44184748431035,53.616910989180646,91.14561430532565,1.0460392161530108,33.295081967213115
206,DIV6,12,527.569923186806,396.68787561879543,30.91923452296989,142.66054024901496,59.89173177462591,100.40586612790065,58.90040572773409,36.14006583251851,97.17927664641766,1.1142196575070158,33.528301886792455
207,DIV6,13,527.569923186806,396.68787561879543,30.91923452296989,135.85964427428294,49.54710125706526,93.38551772360061,67.35499342207002,28.142450525595226,137.17140703170406,1.105036399252222,35.0
208,DIV6,14,527.569923186806,396.68787561879543,30.91923452296989,133.678706613279,47.08151007583203,93.40266399462405,69.55190322377288,29.326722226156466,129.7712057279547,1.1342584242333476,28.685714285714287
209,DIV6,15,626.9463019599829,483.5693540182432,53.50001525878906,59.35783123455547,30.642168765444527,90.00000000000001,145.771410503248,56.14134812406467,37.05857276934035,1.0082560227787694,1.0
210,DIV6,16,687.5277302448667,385.39130801749434,53.4914577743861,126.09698325297734,143.80724456622275,89.97275099627662,28.81993465614607,118.35256374637066,71.07802691313408,1.0202180579954685,22.026315789473685
211,DIV6,17,687.5277302448667,385.39130801749434,53.4914577743861,99.88803098366026,151.24983016648432,89.74653396343406,55.86756789640862,139.19216036357005,179.00904246697772,1.1480458877946822,29.46511627906977
212,DIV6,18,687.5277302448667,385.39130801749434,53.4914577743861,112.64811789931723,153.00547733901993,91.0665722690457,43.39608281940475,130.35613006019312,167.7134593187641,1.0832810347363337,29.304347826086957
213,DIV6,19,634.0316070020907,445.64882069990995,62.878764765197275,18.92765032496774,73.67000053594381,92.77316731318334,167.08590612714397,98.96635998422668,92.48346240378885,1.0140877805950927,27.596153846153847
214,DIV6,20,640.7094958050399,487.1750411951342,54.46397597912893,153.66055445838214,67.45949232523843,89.17360914422227,49.72155379485836,43.214532298510534,132.35562180808296,1.070766129762686,30.02061855670103
215,DIV6,21,640.7094958050399,487.1750411951342,54.46397597912893,137.2276250269484,50.14509451682607,92.0976456746513,66.89649782978331,26.951012453686776,144.23147259105846,1.0915741010360596,35.0
216,DIV6,22,640.7094958050399,487.1750411951342,54.46397597912893,135.86603463861613,53.67517940841967,93.29346882350727,66.80665621169769,31.141593467723073,134.09983533508404,1.1704152568246895,35.0
217,DIV6,23,635.2644945276925,484.6583907188482,55.03530597748472,145.36845043923952,61.18688600477136,92.57634264057751,55.11043266273959,38.35593445269689,157.01684558901366,1.1721727459163043,33.330275229357795
218,DIV6,24,635.2644945276925,484.6583907188482,55.03530597748472,161.02134477511603,77.29964319066848,90.57898497000048,39.06390453968,52.68422013009462,156.1233968273718,1.0882200302324916,34.38181818181818
219,DIV6,25,639.8260614503654,487.88312774774477,53.581050258982806,105.20821909823867,23.098547707599952,94.01494661804323,98.96252927433544,18.945706800512614,53.544661722996175,1.0580671333669698,35.0
220,DIV6,26,555.4130623427762,454.3140521685399,57.67890997308607,164.66670737168192,77.21635533306555,83.45429237987102,38.814535379588776,52.04263314797464,26.2850092281204,1.005781142178433,26.5
221,DIV6,27,676.9931351875443,376.48035579894827,51.56175933216896,92.29371119052047,150.4982985758242,91.56795163894957,63.48378888436449,145.86403790536073,87.56356656166206,1.1613797277524052,32.15384615384615
222,DIV6,28,676.9931351875443,376.48035579894827,51.56175933216896,120.14354545208708,137.3311823822815,94.98529262932185,41.938216435734816,120.46781153095944,142.42874900469855,1.0494078288018345,30.2872038705372
223,DIV6,29,676.9931351875443,376.48035579894827,51.56175933216896,71.1724458009899,156.86135555659556,91.6903474407848,83.8633954218187,166.52053331161565,105.87876633765364,1.0334289509524768,30.35483870967742
224,DIV6,30,676.9931351875443,376.48035579894827,51.56175933216896,52.79787491178625,135.34250483897327,91.46277637033909,104.98053547707917,151.87453302470155,104.98263953346729,1.1892348880776562,28.682539682539684
225,DIV6,31,676.9931351875443,376.48035579894827,51.56175933216896,85.63563821999256,161.59332059026372,90.36280643798231,69.62316703870145,156.30856376642424,137.89282758885494,1.063951514297962,30.80246913580247
226,DIV6,32,674.6843550710545,374.20254879016375,35.528303045279266,80.85313643025057,153.33315926820964,91.46905837760269,74.89313102790256,153.60420032670459,148.83144680168678,1.1024243836174583,31.78014184397163
227,DIV6,33,638.3145706668535,342.2500711207472,38.86591225710944,115.14100586628902,151.9393067199937,95.96628386408963,40.71657718663072,127.79184200951342,73.099402558098,1.0248395784005955,35.0
228,DIV6,34,460.04646773365613,287.59058317972443,33.8019491971719,135.1782267163556,132.88985753356482,85.26837956673786,20.882238101282358,108.05305676865187,43.91402049701016,1.0191678258416643,26.93103448275862
229,DIV6,35,472.21570372622426,292.0404614982766,27.5000057220459,144.72131575784493,125.27868424215514,90.0,10.149442504351619,99.779504883535,1.8345254578720223,1.0010028587604363,1.0
230,DIV6,36,451.26969941032723,290.69562067913984,21.824128004892188,84.525494796027,161.79330441016197,84.7217770712152,70.69752032300322,152.55777356403792,99.56878800766937,1.0739557911922188,34.08474576271186
231,DIV6,37,448.2205746475888,293.69029202795485,20.834541793256623,144.16298058231706,116.26210646593914,86.47733330973136,29.606034267111923,91.84892397322946,35.173576803733205,1.167360525290096,24.166666666666668
232,DIV6,38,448.2205746475888,293.69029202795485,20.834541793256623,99.09952714889852,163.0576691709714,88.42452589197892,57.0356080064673,144.124022554181,140.63606377241098,1.0960318406424585,33.50442477876106
233,DIV6,39,700.0022949578529,506.2761088850738,55.499147598813096,97.06821767953055,16.49090214431681,90.54733493765299,107.52552417412161,28.75657384341933,114.16225206670053,1.0847082611153769,24.385964912280702
234,DIV6,40,700.0022949578529,506.2761088850738,55.499147598813096,152.6689044002503,112.70360774878114,85.21821732147697,14.234195777467688,87.54534347798162,25.05387545962963,1.0473612244931023,23.133333333333333
235,DIV6,41,648.3993174074726,471.5560559530297,61.23480274938163,155.6514102531125,70.70380805986699,87.70696539093609,45.70906772788451,45.371243820333554,45.84677317596189,1.042419159576496,8.846153846153847
236,DIV6,42,719.9973741472247,485.51726039165726,59.5000114440918,144.53880889111838,73.79620934545744,94.30025106016474,45.803858366976705,48.65278373788043,36.145766650235544,1.0081562420001946,18.0
237,DIV6,43,719.9973741472247,485.51726039165726,59.5000114440918,151.33930746344575,69.60797228248887,92.24705148081162,47.90278831537382,44.954145618688074,177.79069587034408,1.0200295935690262,10.297619047619047
238,DIV6,44,719.9973741472247,485.51726039165726,59.5000114440918,147.711935596807,114.99921037862474,87.86268655641977,16.547768701722674,90.79314353436074,25.51826583086457,1.0644861838465745,4.166666666666666
239,DIV6,45,521.8286414049559,395.8369593071055,64.24619953980945,139.57833678776302,51.66668826172071,90.80544536519004,64.64240489671064,35.1117291183054,151.78816676285675,1.1472539697903175,28.03614457831325
240,DIV6,46,388.7147380359471,295.36736823007914,43.15488174886601,121.80105824106563,147.69684621037064,91.78617381694171,33.28207513801941,122.44042823524755,96.79627109091973,1.026536516026329,31.88888888888889
241,DIV6,47,465.7930038653877,381.1765546782303,62.52364576164864,147.58359097289005,78.37544339675482,90.15947369156659,44.4480957362451,54.101003933381456,398.82438909911576,1.1067080888255445,33.81818181818181
242,DIV6,48,465.7930038653877,381.1765546782303,62.52364576164864,131.60484303240858,89.81369626907254,91.87057479551689,53.78413159997888,66.66840853439673,159.98879585955967,1.3756047882828133,31.346774193548388
243,DIV6,49,465.7930038653877,381.1765546782303,62.52364576164864,136.30401169534844,85.85951493274139,91.73090000240586,50.53047365857917,62.304551146574276,157.34655871629985,1.2570833643251085,33.20967741935484
244,DIV6,50,465.7930038653877,381.1765546782303,62.52364576164864,145.12336532541855,72.71524625382966,89.89754342224407,48.24034418877325,48.329709391657154,160.22319367601114,1.1195767940269508,34.86713286713287
245,DIV6,51,465.7930038653877,381.1765546782303,62.52364576164864,145.92378411114638,67.49767585674263,90.26986297156266,51.391424205748415,43.44036506140289,140.2165182861857,1.1027709260649599,35.0
246,DIV6,52,465.7930038653877,381.1765546782303,62.52364576164864,141.56053297372716,60.27377001046489,88.55411303736848,58.16507833382006,36.560340465416544,148.07437420251992,1.0950959099817223,35.0
247,DIV6,53,465.7930038653877,381.1765546782303,62.52364576164864,118.2242177192133,101.52601071307065,89.92821029443078,62.25454898135125,83.97496367729575,169.0338038521014,1.5517287024955118,29.20408163265306
248,DIV6,54,421.6567335603255,381.885600011323,57.732962124980475,174.67757286398611,87.1286039630534,90.41577747860076,28.17088722461642,61.67623386671743,23.299483644007555,1.0067518333368592,17.923076923076923
249,DIV6,55,429.8352305022761,395.77642561449136,58.24762106473934,155.61876823494154,81.20822248523626,93.23166943016959,38.595799100031286,56.345451952277664,101.0529175069267,1.11232245911944,35.0
250,DIV6,56,429.8352305022761,395.77642561449136,58.24762106473934,158.83879134620742,75.94930047471072,91.83933683232237,40.28238627930338,51.07539526502264,105.5482391646616,1.0831504539814005,35.0
251,DIV6,57,435.7567169572556,387.3004282088751,60.50001525878906,162.91491781585333,93.57122764227975,95.77428391327933,23.651351385866974,68.41493856982771,118.32791272118878,1.0463112374296086,23.442622950819672
252,DIV6,58,481.01819411191633,421.38023744792986,54.50001525878906,121.33617934986971,32.53854915440992,92.19055936573281,83.54339365361686,12.120790555851196,153.18472645266056,1.023928819802433,35.0
253,DIV6,59,481.01819411191633,421.38023744792986,54.50001525878906,121.56507631791101,33.70129061770911,90.4002751802206,83.15696944880764,15.617065286556736,191.3426717481268,1.0506424172550073,35.0
254,DIV6,60,481.01819411191633,421.38023744792986,54.50001525878906,118.06457392131296,30.50281583321579,89.53473881962911,86.64869157565391,13.550158017347954,197.65141202970034,1.0385283573780981,35.0
255,DIV6,61,481.01819411191633,421.38023744792986,54.50001525878906,136.4186863743693,50.32650461157458,91.59097029767597,66.59187205749522,29.284878785336314,76.9944699735183,1.1208912983779014,31.574074074074073
256,DIV6,62,481.01819411191633,421.38023744792986,54.50001525878906,139.36107898621307,57.21218290765779,92.49721316950972,60.47480406608973,36.170774816216834,80.90392934168258,1.1893330719673836,34.40677966101695
257,DIV6,63,404.9105415853534,326.7339506696464,57.21602823776371,164.29825469955392,101.67869816156403,80.08363219072713,17.191158218673827,76.6514122952858,3.7841202293063327,1.0032518057866149,35.0
258,DIV6,64,384.7956936425441,331.83564680379783,50.5000114440918,164.41826365974646,79.65343254809673,92.84497834691808,36.76800027424676,54.62667937167063,234.27994173426194,1.0342449980773232,35.0
259,DIV6,65,384.7956936425441,331.83564680379783,50.5000114440918,156.7028786096803,79.08228230666958,91.08719119343925,40.43178930336673,54.64314947260318,282.9609739540865,1.095833642805871,34.36283185840708
260,DIV6,66,473.1425205579771,298.2183844601995,41.5000114440918,74.02198872018518,156.4268649446774,92.98816081466565,81.51469395741812,159.02573417674145,61.74987442791506,1.0801743858695998,23.972972972972972
261,DIV6,67,488.9426130924915,418.4555463406241,50.728692486699636,116.84505705465044,29.86081431381534,91.94810247276254,87.50203747362303,20.525579387749296,105.13855673447402,1.0929535389966878,31.363636363636363
262,DIV6,68,425.0465273820015,387.36134491714347,50.5000114440918,146.52592811408937,59.98275342044772,99.01531208492815,56.76068536489718,35.6079354528735,81.68000695797325,1.0379841596346102,35.0
263,DIV6,69,579.1071238633318,456.52944921217716,47.79944867726529,64.41852216978043,30.00294511860618,92.76496262815093,139.99848849846606,52.84434988605233,98.03527364988362,1.0555558346459024,34.366336633663366
264,DIV6,70,678.2210694056072,504.02526428828213,48.40752185066769,131.88033249463928,46.159449978069965,87.02508408258508,72.42074292260551,27.726265672668507,36.962344841950355,1.0922750614283816,30.818181818181817
265,DIV6,71,510.9327531583345,300.80559445743773,40.72927364582636,122.52231074442389,144.33421430539607,91.27948659418337,35.06759180505986,120.20801377224268,123.23308819201492,1.081827557452897,34.75714285714286
266,DIV6,72,510.9327531583345,300.80559445743773,40.72927364582636,118.36968519868776,147.50053393372943,88.59174510001202,38.866390248678876,124.38606038616821,159.02081433033047,1.0926094867840712,27.689655172413794
267,DIV6,73,510.9327531583345,300.80559445743773,40.72927364582636,134.97017048441074,130.15323192640236,90.25832604875518,23.667840178518336,105.9427519361127,175.4455940955735,1.0447337877462521,30.41176470588235
268,DIV6,74,510.9327531583345,300.80559445743773,40.72927364582636,102.83806894971912,155.66841088294643,91.41368276891869,52.96891655555621,139.16548085182689,139.6568239829038,1.1181659085777491,33.16216216216216
269,DIV6,75,510.9327531583345,300.80559445743773,40.72927364582636,106.37182041335292,156.90709284771702,89.51749229143113,49.30812214000037,136.6989431076682,169.6459960681555,1.0833585037829496,35.0
270,DIV6,76,510.9327531583345,300.80559445743773,40.72927364582636,85.30346951304749,161.84059457222423,97.54074211703714,70.07831095143992,151.09368162054082,51.80202413784808,1.0755528172091913,31.35483870967742
271,DIV6,77,517.311716937257,307.6244077715691,44.43375416412374,95.17024945636,168.3504725832781,89.3727234152146,59.84980805920787,148.8833958438526,25.10491089528555,1.024046622981511,24.0
272,DIV6,78,590.3000519837312,470.10017126543426,53.50001525878906,108.4302992113777,39.10350658031985,88.93092260449217,96.50343312915452,42.137422989384696,47.821728509983465,1.3865199592479647,19.333333333333332
273,DIV6,79,590.3000519837312,470.10017126543426,53.50001525878906,160.2361231409736,87.25867082033454,90.00000126613047,31.71244866991467,61.75949146171921,51.04277770666945,1.093011922998671,1.0
274,DIV6,80,590.3000519837312,470.10017126543426,53.50001525878906,135.83309881580897,46.33286232478526,91.55547651250572,69.10184842313645,21.214003802506014,113.07552698158395,1.035794789017555,17.451612903225808
275,DIV6,81,615.070999447409,469.91079584212093,60.06287558049616,64.89700569315958,153.15588027967982,88.62654632834231,90.27377217370086,166.5519754386593,134.8131456836259,1.0397003208367017,31.745454545454546
276,DIV6,82,585.0004774342455,468.0674347913713,53.93746027595163,17.96597292135275,103.04970256159308,91.01135236304155,141.10765267182524,128.31479426223822,53.36606873875766,1.0387071864596327,31.285714285714285
277,DIV6,83,513.4588493424715,302.8319189832963,30.87808913446041,91.1139099861408,149.28944015829532,93.04232209698841,64.25968950328982,145.51338590346117,74.41840593809707,1.17337530717869,28.870967741935484
278,DIV6,84,513.4588493424715,302.8319189832963,30.87808913446041,113.46832295113704,147.97216780645417,87.7291704459837,42.12466398087679,127.89035221188162,151.74628989248555,1.083552294636196,29.306930693069308
279,DIV6,85,513.4588493424715,302.8319189832963,30.87808913446041,126.92699038131752,141.26395594333627,89.86844233592677,29.244770668397123,116.44968729180468,115.4339370300452,1.0405354688022064,32.285714285714285
280,DIV6,86,528.113472991803,306.64473590666665,32.09911295088183,87.11776378134786,160.16623679531548,89.02163392558622,68.13205586976169,154.0803924650738,155.08482187312018,1.071697421259443,34.18300653594771
281,DIV6,87,595.7895359027599,326.8638464364972,35.50000762939453,102.2918136113178,165.18963717827845,92.43052923801132,52.74951775313054,141.8210525042189,97.64901482510861,1.0218944316512222,28.148936170212767
282,DIV6,88,595.7895359027599,326.8638464364972,35.50000762939453,113.62713699906188,151.50965398355416,92.41015731038162,42.8980153657653,128.7521628354654,142.9700790712244,1.0734255253739773,33.93589743589744
283,DIV6,89,595.7895359027599,326.8638464364972,35.50000762939453,129.3016211286873,138.2023888186541,95.00235203756279,29.42943727861334,113.88845424742138,120.41838949850721,1.0806792097328786,30.363636363636363
284,DIV6,90,395.3078152338736,346.00221006030176,35.421728954576665,158.8581822036938,72.67895654995998,93.82301372655333,44.06078744043278,47.845533666614955,178.55321628525408,1.0339750176562263,32.765957446808514
285,DIV6,91,395.3078152338736,346.00221006030176,35.421728954576665,147.49039395946735,63.75176423163792,101.32068029033485,54.982719181086516,40.278422648820445,126.94387686722649,1.0884165294868426,33.5
286,DIV6,92,390.9329809854306,338.5263651913435,32.386405209304165,166.86888292117064,79.59034998559304,94.78513485957468,36.7050725501826,54.55544165433322,81.14008453596453,1.018011839359225,24.41025641025641
287,DIV6,93,402.1518206432174,348.6145709663555,34.94962480417481,162.11188740265058,77.92330340122834,98.354052987742,39.04233652990746,53.02635677330124,99.76939625505449,1.0207365027104547,27.98076923076923
288,DIV6,94,417.9177849901523,350.2572795836243,31.804511112465327,150.14651077691903,74.02030160811574,112.34197812445933,48.658476749722524,52.20030864624874,34.08948527882359,1.033257349655761,25.0
289,DIV6,95,396.2997246448456,332.4819273169669,28.241193899192076,162.43717627660664,79.8030306370933,94.36468071188679,37.91996813390535,55.12586649278086,212.2984935527577,1.0335515693886528,31.0
290,DIV6,96,396.2997246448456,332.4819273169669,28.241193899192076,165.851165665832,83.28128548072425,94.28605864158328,34.312808355625705,58.5386720840913,253.2504991046342,1.0235784505703471,27.60810810810811
291,DIV6,97,384.75485726124487,291.1180186271386,24.321632652895822,76.41656539070334,161.27641691252333,88.30306810767827,78.65928251798063,162.44139715196155,93.40520965567333,1.0486501121727358,31.79310344827586
292,DIV6,98,376.06370976514546,282.7216540956196,29.424159339335752,154.05183303535767,113.74420043643411,98.59124351856644,11.463708586727863,88.58946513114063,12.940723963310418,1.0108932083891369,34.4
293,DIV6,99,360.1647218188678,300.64450245675135,27.098392176914608,163.8166792218944,101.6142381008769,93.60041393300052,18.688579659655197,76.50436502785514,137.15983796701542,1.0348428583763483,35.0
294,DIV6,100,360.1647218188678,300.64450245675135,27.098392176914608,157.79485376982632,109.035301946237,93.468291360107,15.019139477822257,83.87263675117693,167.67456742067583,1.0387985476530515,30.705263157894738
295,DIV6,101,360.1647218188678,300.64450245675135,27.098392176914608,130.63641051647542,136.62820864751552,87.27891777951247,29.726995942747543,112.03356549379848,236.83552917340418,1.0753047847498163,35.0
296,DIV6,102,360.1647218188678,300.64450245675135,27.098392176914608,124.61904268029738,143.80766668445182,87.51693222306662,31.685902625486886,118.86152178201786,212.12849750169983,1.0456629085024827,35.0
297,DIV6,103,360.1647218188678,300.64450245675135,27.098392176914608,120.00689955558613,148.5109802361578,88.79406695227563,36.06109236038765,123.56597283743811,192.95902470803173,1.0363386649324884,34.00970873786408
298,DIV6,104,352.1893754356672,292.30893322448236,29.500009536743164,130.6603104317584,137.0999145900266,93.35465220801818,26.5259662946096,112.49497148152984,96.74072123839242,1.0458542584830381,30.227272727272727
299,DIV6,105,352.1893754356672,292.30893322448236,29.500009536743164,129.5460443047038,137.64175613137587,90.86284023679251,27.769681556348303,113.20075512996338,117.87373241304458,1.0564195758288384,30.894736842105264
300,DIV6,106,356.4340229578392,291.5438017832718,28.78197959573234,168.81865604396015,93.35280351638758,94.09341624169288,23.816233433423516,68.12301721662035,199.75631829953113,1.0277608272947358,30.443298969072163
301,DIV6,107,354.91631909415884,305.7191827552689,27.5000057220459,172.64974621103218,91.68649508656407,91.73057731166182,23.84449636932061,66.27488371971864,121.97916674900334,1.0106555449226076,22.82089552238806
302,DIV6,108,354.91631909415884,305.7191827552689,27.5000057220459,171.36044530828798,92.74038510732007,93.37791380127005,23.193541362788213,67.39487620072991,91.24491908276289,1.0119984708688292,35.0
303,DIV6,109,371.5538357500916,285.54552863052,35.4946239450968,154.69341865943116,109.82396338812525,95.25589516486554,17.292153561407957,84.9360227185158,158.20076444912755,1.0649153082674678,33.78260869565217
304,DIV6,110,371.5538357500916,285.54552863052,35.4946239450968,164.44877515453916,96.53957866632922,95.6782457774537,23.843025490390122,71.69147066422893,136.30946896206407,1.0454448681097908,31.96969696969697
305,DIV6,111,429.7259887746725,373.6662539313872,41.566811725121894,19.39663769442918,99.0992114973861,82.21035342536516,143.12501792907884,123.86872407800685,253.10898985999842,1.047658236858002,33.35748792270532
306,DIV6,112,603.1101409569217,453.6985194460045,39.81974381837619,133.2928895477064,45.939930495124095,98.7888653899893,70.89675842248624,24.720129316320286,73.69115925272266,1.0560255927722204,34.28947368421053
307,DIV6,113,570.0307860047482,431.16082706910504,36.5406920534266,106.726172501264,19.728804399195372,94.53589366718532,98.11026924712044,14.704542645294788,118.30793694369375,1.0308625781972116,28.10144927536232
308,DIV6,114,603.6015921362938,457.40050365533114,41.695970850550104,146.9612207425617,58.25534803374312,95.34866826690211,57.6120866317168,33.25881429054119,23.93551401004946,1.0111023435561215,22.857142857142858
309,DIV6,115,567.674646718988,446.2301762530962,45.10486058277051,154.44848667293869,66.45013475344686,98.6511970310724,49.73930735092452,41.61270425186546,18.808510293012908,1.009650552893529,29.166666666666668
310,DIV6,116,587.5222348599765,449.25355663484874,41.45791703127912,154.0954330197967,66.41043627554558,95.57072773698344,49.83684299375689,41.689330755032536,78.49667399277165,1.0384050337443889,32.75
311,DIV6,117,587.5222348599765,449.25355663484874,41.45791703127912,130.18015827999437,42.1839304046078,91.37496970300388,74.14320227446917,22.706109564652188,164.3994265404508,1.0921110676029662,32.0
312,DIV6,118,543.6605110285117,376.07973943706435,23.91895437759338,148.15135364961503,64.48210202219016,99.32517014373083,53.9272711054099,40.42428017679543,140.76710907907508,1.0616558475942965,33.5
313,DIV6,119,543.6605110285117,376.07973943706435,23.91895437759338,131.09475495943354,47.167611104708136,97.57474679731374,71.87576063891616,31.753250016514695,49.96636335705542,1.1560822732971323,11.607142857142858
314,DIV6,120,622.6390681333521,400.24835003073963,25.500003814697266,156.46262984403984,111.14442774851051,92.87079491332193,9.732341411429044,85.95135170758829,46.03090443739535,1.0196957440201597,25.933333333333334
315,DIV6,121,622.6390681333521,400.24835003073963,25.500003814697266,137.07048675720088,63.333013575836695,98.64272111490166,55.924553347886125,39.99539512846013,107.05960279849799,1.039233991252738,30.52391304347826
316,DIV6,122,405.3496179009967,311.397919273149,21.30160435166692,167.101343411581,95.5247475465029,93.80599922041547,21.571862024865407,70.2757865576943,37.30542305724933,1.033428089257364,14.909090909090908
317,DIV6,123,570.7075825627335,356.9642613505571,22.77204195065077,115.3994466792088,68.2750130797095,94.6056071147064,76.3365664232009,65.1691377016845,173.58249658315745,1.104940669794166,27.852592592592593
318,DIV6,124,570.7075825627335,356.9642613505571,22.77204195065077,126.3700269397689,61.344878838530924,96.35980001758853,65.902941929988,52.146700264811145,182.43863410081866,1.2916978857146735,21.179285714285715
319,DIV6,125,570.7075825627335,356.9642613505571,22.77204195065077,113.44216887082742,71.73819538520034,95.202676631574,76.85979441618721,69.32348951806631,164.98826149665484,1.2929446535451155,21.09925925925926
320,DIV6,126,570.7075825627335,356.9642613505571,22.77204195065077,156.1977469800158,82.73361094990939,90.48429805257864,34.28019314499022,57.62569784581654,161.898836811636,1.0238012161393493,32.26
321,DIV6,127,570.7075825627335,356.9642613505571,22.77204195065077,128.34289884679936,61.37946778320992,97.78843718239538,63.919437474727914,53.35941872495479,147.14665045117496,1.614761337451302,27.78048780487805
322,DIV6,128,570.7075825627335,356.9642613505571,22.77204195065077,137.76587782192144,67.20798003532697,95.08114606049233,56.685579343555105,52.355734433486944,177.01866311055613,1.412478447141394,29.116504854368934
323,DIV6,129,562.9816572693366,359.797054237984,22.449890924741236,139.95924791341486,55.35902881265618,99.4424106142437,62.52250218592509,31.63425014855969,135.67807341138885,1.070770608750954,34.36363636363637
324,DIV6,130,733.949874842178,518.0269309346542,45.5000114440918,162.05293672776787,92.40890828825204,97.36629874024058,26.937202173374775,67.34820123236074,89.24641569592788,1.026200306861564,15.492307692307692
325,DIV6,131,733.949874842178,518.0269309346542,45.5000114440918,150.89339467159084,82.86457558451542,97.08807677382805,37.407424687117654,58.99225115883193,76.06396616725019,1.0871874900039384,17.754716981132077
326,DIV6,132,409.5724429918982,305.4931228816821,21.22293300847117,59.60959744087824,31.937454725262924,92.5284342681409,144.11241567004836,56.65391878710695,75.54769032140082,1.0568263508589055,28.761904761904763
327,DIV6,133,404.5994095002712,303.33399744592583,21.284106024338303,160.58587875852288,92.84985388657378,91.16329995538257,28.57846822470178,67.85784300042656,342.29053591294377,1.0816407902755916,34.762645914396884
328,DIV6,134,404.5994095002712,303.33399744592583,21.284106024338303,160.876995326553,89.96575652274151,92.79232663743738,28.29337477059099,65.14173319945236,236.68090859483922,1.0767907773338292,32.8978102189781
329,DIV6,135,404.5994095002712,303.33399744592583,21.284106024338303,161.68220797622493,93.0350731747365,92.28575804007703,24.41467193351717,68.08881552570065,252.03803776530606,1.0665195213254546,24.352941176470587
330,DIV6,136,404.5994095002712,303.33399744592583,21.284106024338303,162.34930799311695,92.82375770523014,92.32977316256252,24.81489351573778,67.87684878061532,307.88087736655467,1.0683544308875992,26.5
331,DIV6,137,404.5994095002712,303.33399744592583,21.284106024338303,165.37764038651252,100.0674163708183,92.081011412693,18.4153007661122,74.79121408708082,184.33759437025208,1.032671279661596,33.578947368421055
332,DIV6,138,404.5994095002712,303.33399744592583,21.284106024338303,161.79056712930003,104.92775656843943,90.58257390645323,14.5247259140448,79.63485710487869,274.8628361941944,1.0313310797321094,33.931937172774866
333,DIV6,139,404.5994095002712,303.33399744592583,21.284106024338303,165.49948821735353,100.73352643976732,91.53551011391201,16.840381463921148,75.4112172035256,239.23928021503298,1.0266511721014615,34.56962025316456
334,DIV6,140,404.5994095002712,303.33399744592583,21.284106024338303,160.82206136973298,96.7748881686684,91.28501138910298,23.84188724660017,71.98639731173435,211.68136767771483,1.0770343347555655,33.295081967213115
335,DIV6,141,404.5994095002712,303.33399744592583,21.284106024338303,158.5078487460196,110.19869075997649,90.52963036096061,13.564070177357344,84.85176154763626,237.43178915391098,1.0359509800121887,30.97037037037037
336,DIV6,142,404.5994095002712,303.33399744592583,21.284106024338303,158.39927467546386,108.01096474155266,91.42087768237032,15.533694372893939,82.71306891748617,181.1889485449908,1.0461741033531844,25.98148148148148
337,DIV6,143,404.5994095002712,303.33399744592583,21.284106024338303,151.05741958151677,117.60905629531831,89.9265171870691,11.94815442950745,92.316737128374,267.8767172476947,1.0312496338158579,33.88834951456311
338,DIV6,144,404.5994095002712,303.33399744592583,21.284106024338303,137.71311898769895,130.77990528954575,88.34295090955523,23.93635058291449,105.71813073183701,226.53244129436294,1.0767518517467154,34.689655172413794
339,DIV6,145,404.5994095002712,303.33399744592583,21.284106024338303,150.62273163623678,118.96198272215717,90.9088232981091,10.627104387174429,93.54645259537374,81.43572941970396,1.0245944908218136,22.70212765957447
340,DIV6,146,404.5994095002712,303.33399744592583,21.284106024338303,140.71296995180003,127.63210456065431,89.92946827302569,19.282082653939714,102.80564517437334,109.17382179603607,1.0581866424089146,33.41269841269841
341,DIV6,147,404.5994095002712,303.33399744592583,21.284106024338303,147.78745247194044,118.44411205088329,90.7244481964006,19.66908861045616,93.58722492875002,152.42483439396776,1.0928639048025335,35.0
342,DIV6,148,404.5994095002712,303.33399744592583,21.284106024338303,159.03397168045234,77.6674629930943,93.38134990043282,38.76525167129616,52.56857818029716,211.9674102059166,1.0578278728526638,32.421052631578945
343,DIV6,149,404.5994095002712,303.33399744592583,21.284106024338303,164.24139257471958,82.51668876269194,93.38355542416389,33.92614859406924,57.41682744284509,303.9747939255321,1.0467327206372887,33.57142857142857
344,DIV6,150,404.5994095002712,303.33399744592583,21.284106024338303,153.62598106033843,75.43527511812312,95.63990272325687,42.05528861618646,51.094593140494986,176.93204031438773,1.1014904983667346,31.387096774193548
345,DIV6,151,404.5994095002712,303.33399744592583,21.284106024338303,131.2566039789171,137.6503479572579,91.29125120860974,28.292853018465095,112.36986218759615,98.98506573696537,1.076448653340055,11.5
346,DIV6,152,472.7753146774849,316.20147383052654,20.484722144631544,116.34795963109781,37.93798807313245,106.28998746173073,86.22880429824107,26.525317757321037,60.59137826705749,1.1031966733194956,33.44444444444444
347,DIV6,153,442.4188791089522,334.6933316241685,22.5000057220459,155.10589194828177,67.69088714153878,95.51838478123882,48.68824533853849,42.750244531550024,42.59933537551647,1.024202153298917,24.263157894736842
348,DIV6,154,457.0457777401518,330.1957451239554,20.97257944559003,144.16852347120746,59.17040259544945,95.31574180906223,58.78723386289763,35.686450203737124,117.05982747879582,1.064440239473155,30.718309859154928
349,DIV6,155,473.500220356686,367.4692466309959,28.694609733548884,148.79588889305847,59.74030068536273,92.75640203445792,55.86893492462013,35.061882610063066,37.3977379612692,1.079264091589165,15.782608695652174
350,DIV6,156,460.52469995287606,392.7456254329222,43.96972250328565,147.70334818196878,60.447454109512734,99.41511658667638,56.239493910069264,36.103958884264586,69.36615045214778,1.0323298652245068,34.1
351,DIV6,157,643.5167639129934,351.6260166565025,45.48094468748288,91.12161031863762,166.12927495768068,89.79312562073679,63.984639702090426,152.10788183580587,15.39286379846008,1.0299678033175483,31.5
352,DIV6,158,712.2420740743374,494.49481413244746,39.46761302288464,161.1447103218206,99.07188590372952,88.35704577345558,27.539686669700103,75.0563227865419,33.2533311225853,1.0701394265999933,34.8
353,DIV6,159,733.7007607449492,490.8638378110343,39.50000762939453,174.86983355815804,84.86983355815799,90.0,30.259408179645483,59.37065419953788,0.8840183156150725,1.0,1.0
354,DIV6,160,653.5024694103407,482.353076871149,42.24940933147499,120.0274533490232,31.42270274403874,92.87343376213596,84.75236959774483,18.486442512330687,72.02374472294717,1.0585169198560966,29.0
355,DIV6,161,478.89312134737844,291.5323715461624,33.86520983839739,105.96440746131235,159.63117366805974,87.87977686296982,49.09031033325034,137.9277503415257,20.835926449205676,1.0565689400060487,28.428571428571427
356,DIV6,162,492.6186425056052,295.2923161536427,31.522992558842144,95.32403830739777,166.4405500790808,90.31104229437281,59.794661859191166,148.13510135144577,20.50368718285193,1.0414801491055588,28.142857142857142
357,DIV6,163,394.3682410625278,353.73003662444074,40.25839750302747,157.19804084905988,70.10360753057746,93.78450855275523,46.29389237546083,45.16831880806834,198.22545533704508,1.0249086111033692,35.0
358,DIV6,164,734.741403828698,452.5676809356488,32.50000762939453,169.6464320103358,86.25026704483936,98.6088892232522,30.32090468661593,61.147327067550016,15.55673493762432,1.001244195559883,17.875
359,DIV6,165,734.741403828698,452.5676809356488,32.50000762939453,160.56069314195736,106.3784103846994,91.87601271706102,13.124697320679479,81.28961032339475,24.903527186115728,1.008233727119228,18.0
360,DIV6,166,734.741403828698,452.5676809356488,32.50000762939453,161.92047158054132,102.92782258109261,92.16840053914652,17.833227756165236,78.19289795775758,74.9397886917781,1.011884344788558,19.385964912280702
361,DIV6,167,734.741403828698,452.5676809356488,32.50000762939453,137.64320281800028,65.24386744534841,99.65881395378933,55.74550614055287,50.4029940326125,150.78126419869952,1.1823654185105417,16.54597701149425
362,DIV6,168,734.741403828698,452.5676809356488,32.50000762939453,140.92268442054936,65.70546148019628,96.04986662357831,53.544802388965,48.04961950892068,175.66448494213876,1.1480183873412524,17.026041666666668
363,DIV6,169,734.741403828698,452.5676809356488,32.50000762939453,152.59677451849052,77.70529441037874,98.05849045795811,40.51044685772163,53.05512141398492,144.90880547971247,1.060581812852362,17.204819277108435
364,DIV6,170,473.360619100677,289.9651113441179,33.52492898403603,122.80519211035795,146.56769523226455,87.24348761884035,32.33290663191067,121.3838121012999,85.18146192810259,1.0363365608399484,26.84
365,DIV6,171,354.54589336192976,302.1759033414778,34.47438564969582,150.1274853599748,118.21858004568087,94.46505194670843,16.329101130346384,92.98836027730924,132.304106309731,1.0582271964856778,30.432835820895523
366,DIV6,172,416.9841820778657,336.1064015248239,26.16824784829224,133.36418250384054,121.14036411274608,119.22257698448293,33.92600527075806,99.79550552711378,13.681982259640533,1.0211993943736026,30.153846153846153
367,DIV6,173,368.2584791849793,309.0379954682643,24.857229273193568,171.14660602064504,95.00264512779864,91.26834088884826,21.933331919929593,69.68090818505881,212.7404930307555,1.0162368623564146,29.547169811320753
368,DIV6,174,368.2584791849793,309.0379954682643,24.857229273193568,171.12489370414983,94.79198883915662,92.77133002105015,21.3190964415162,69.5177848972532,212.96468377405643,1.01794089343896,18.404040404040405
369,DIV6,175,368.2584791849793,309.0379954682643,24.857229273193568,169.66587385891458,94.84483859109721,93.48131589756332,21.602727058367986,69.67278921538524,232.86145137262653,1.0228491902389691,24.678571428571427
370,DIV6,176,537.2358752514998,371.747856764532,23.53209828472076,157.8053695225824,90.84275845498206,94.88147129596621,31.83984921172911,66.58242298709342,71.84065983673082,1.0804382668382198,15.686170212765957
371,DIV6,177,631.9002596763128,389.1104126088655,24.222607142823914,163.5820173375491,104.75849365585205,96.17796744804242,14.553994033176926,79.5418533881081,8.156283386975169,1.013633075237415,35.0
372,DIV6,178,587.9747462868245,420.8554997787143,31.183591398845056,150.3878175876422,63.74920925504904,100.18032339546055,52.99479953305261,39.036400596899895,3.976989054864274,1.0154555789998518,14.0
373,DIV6,179,405.6071494184719,363.14194459550424,53.39085132584131,161.01948499226543,78.40142886306845,101.86757288367279,40.085216850109695,54.49292555342835,70.13099337302471,1.0321772767979387,28.4
374,DIV6,180,386.705968369075,348.8773109950598,42.50001525878906,168.9528417516813,82.98297226750205,95.04595289269317,33.41452561871076,57.80830188995121,44.24350918534977,1.0125965025589916,28.523809523809526
375,DIV6,181,371.35188602385733,300.02048624645045,45.4475036729282,163.57116758146364,103.52204136017606,83.75289342285124,15.132011400782632,78.48302472155761,30.793698561762323,1.0205082987862208,23.764705882352942
376,DIV6,182,371.35188602385733,300.02048624645045,45.4475036729282,151.37325957834022,116.41939894811334,90.85371180208965,14.022268847787643,91.43977563893799,206.09780595296726,1.0479497159262592,32.950819672131146
377,DIV6,183,371.35188602385733,300.02048624645045,45.4475036729282,146.35849370035044,120.39776247992671,93.62597596491011,17.485833328924095,95.7717520844278,233.7414732980719,1.069555286104706,33.371428571428574
378,DIV6,184,371.35188602385733,300.02048624645045,45.4475036729282,157.38434128570336,108.25872786119828,92.88074453118082,14.657351720824273,83.44860259647366,114.7474874465192,1.0516488675261324,32.513513513513516
379,DIV6,185,371.35188602385733,300.02048624645045,45.4475036729282,161.0256515402615,105.67764450108962,93.13708017484045,15.182530961659516,80.67362996547105,111.66953046492192,1.0407389324761933,28.45205479452055
380,DIV6,186,360.99426557833186,297.10131278194876,38.401263731382244,132.9222394519453,132.89322536718055,89.340613018052,28.126819362571695,109.72651966084034,175.35303836101272,1.1370460399363918,34.23275862068966
381,DIV6,187,459.5854294758359,360.6324985302761,61.03620078376125,165.7977181958054,91.86764436367312,95.5811617237279,25.980613858590594,66.78843791936904,310.67703025366507,1.0358995134104512,35.0
382,DIV6,188,459.5854294758359,360.6324985302761,61.03620078376125,164.94315358999253,94.9519085038432,95.0583531753209,23.892469830692175,69.84919302193785,349.9356192264567,1.0494371070665938,35.0
383,DIV6,189,459.5854294758359,360.6324985302761,61.03620078376125,162.68092297059323,89.36774417930452,93.86524390170878,28.463825082529862,64.32426611044555,308.9678483329303,1.0743874437540795,35.0
384,DIV6,190,459.5854294758359,360.6324985302761,61.03620078376125,162.4273922659353,91.06581043313506,93.38505866736534,27.222417301438163,66.50119598841842,262.7723876548923,1.1106045933962556,35.0
385,DIV6,191,459.5854294758359,360.6324985302761,61.03620078376125,164.97488412019982,92.49944893986017,94.17313290286388,25.46414725254685,67.35363097197124,329.3259633795878,1.0422727688157924,35.0
386,DIV6,192,459.5854294758359,360.6324985302761,61.03620078376125,162.69788830839005,98.95708124579058,96.00146610901065,24.054966408763597,74.33648403583351,86.33524732875713,1.0460459045480512,32.18497983870968
387,DIV6,193,459.5854294758359,360.6324985302761,61.03620078376125,164.58008087289969,83.57006540559166,94.31002827308359,34.7825265477514,59.01579739019363,60.986657666633064,1.0516270479891616,32.484375
388,DIV6,194,383.3763280241028,339.2547530757233,46.56442035346342,146.0942312810682,59.300140288192864,90.52491194054545,57.147963471222184,34.46167149488367,84.1155124245753,1.092057876863575,22.74137931034483
389,DIV6,195,383.3763280241028,339.2547530757233,46.56442035346342,164.0828555798713,79.13653897669775,93.2190271323552,37.98141405350463,54.354302102187965,92.65189625539415,1.0312409452301814,34.70422535211268
390,DIV6,196,383.3763280241028,339.2547530757233,46.56442035346342,162.37403284522048,98.05563015842328,97.48410117607084,24.214176462442477,73.31068841121908,27.197692110539126,1.0564556322899155,26.8
391,DIV6,197,437.96864690187937,351.6130996638236,59.82349687959956,160.147943517521,75.1763089518508,91.52978975517848,41.07895411434246,50.017484859200536,274.8235448793946,1.0414858762425292,35.0
392,DIV6,198,441.8285055208052,344.8412181009414,59.5000114440918,164.79944780949444,98.68583945689375,92.6211230918609,19.679778223105114,73.61814525480412,190.42444770774884,1.0239592164469338,29.965004793863855
393,DIV6,199,441.8285055208052,344.8412181009414,59.5000114440918,161.48522754471693,103.79445660134272,94.00736738806974,17.487854894995724,78.74700665645412,199.1318541249837,1.0291619111132002,30.142857142857142
394,DIV6,200,441.94885923050896,391.2738060233402,48.143838374683575,50.457225022937045,113.35292557915511,84.92398611231897,112.21270530893125,130.9916254220078,100.76762243115567,1.0224227254333091,31.833333333333336
395,DIV6,201,441.94885923050896,391.2738060233402,48.143838374683575,34.43496856576731,122.43507944818838,83.75239748573388,121.31922365534685,147.1098379229774,89.48269088591843,1.0262564583932752,35.0
396,DIV6,202,441.94885923050896,391.2738060233402,48.143838374683575,91.54671726485518,96.17226097573898,89.83548063436858,85.47647162143629,96.63686828818663,175.8523628672479,1.0563454199940046,29.76923076923077
397,DIV6,203,735.4409709231631,492.20457624964456,42.976634682519794,95.10712145351123,17.922504254424403,93.01275053200173,108.59083011435098,27.772802811213772,94.23499670006576,1.0285343715236988,17.892473118279568
398,DIV6,204,439.27774987112247,300.1162001589891,44.57706176901932,116.31048933823466,151.0860463455696,85.99880510339209,39.5688129646277,126.95226769161033,136.58314738221637,1.0585646953551247,35.0
399,DIV6,205,439.27774987112247,300.1162001589891,44.57706176901932,120.14412614533278,148.13339213701252,88.48861134607,35.84810843360124,123.47187531357265,170.32858002664798,1.060147205843933,35.0
400,DIV6,206,538.4418468024726,320.26982335217104,48.23351475399211,118.69514326412167,148.84153115186132,95.64402604087951,36.7977278110969,124.63519028929394,43.60753151596713,1.0320149176825604,31.869565217391305
401,DIV6,207,711.6008917786417,420.19023068278295,26.500003814697266,131.59822327479492,138.40010520833934,90.07685342226638,25.308955782379805,112.90134630888535,64.35134599502497,1.0463616718391813,3.5
402,DIV6,208,711.6008917786417,420.19023068278295,26.500003814697266,98.1211104267397,160.89072510076934,86.680852488627,57.970841949068436,143.9387529002594,197.60253798886055,1.0407640650639092,15.59433962264151
403,DIV6,209,711.6008917786417,420.19023068278295,26.500003814697266,106.0912225668776,160.45297386553534,88.51712869402041,49.743013676141665,137.91873296176936,149.80287577532576,1.0279877482943864,14.772151898734178
404,DIV6,210,711.6008917786417,420.19023068278295,26.500003814697266,139.29554849410144,130.7044515058986,90.00000000000001,19.234314717815522,105.20527214727844,32.04753433540367,1.0161025090986535,1.0
405,DIV6,211,711.6008917786417,420.19023068278295,26.500003814697266,126.720954031735,142.3502007651442,91.42895051681764,29.58711443011259,117.3118306060654,104.21820863049228,1.0348499417436074,14.655737704918034
406,DIV6,212,711.6008917786417,420.19023068278295,26.500003814697266,100.26791123613134,155.3869006836185,87.06468986305696,55.498661889735196,143.12093702765853,163.98024187270894,1.0591278932141677,16.6
407,DIV6,213,711.6008917786417,420.19023068278295,26.500003814697266,124.34226097178602,144.14199718120622,89.10806506664693,34.19762043123251,119.56187991728804,202.27420391182093,1.061078467204855,14.02127659574468
408,DIV6,214,711.6008917786417,420.19023068278295,26.500003814697266,135.2121997667407,133.28454744631577,89.91458265937122,24.573317010217156,108.23779030017985,171.805472575929,1.049662092506827,13.493975903614459
409,DIV6,215,711.6008917786417,420.19023068278295,26.500003814697266,120.70779374296065,147.09318468827848,89.45610043429657,38.168995447661636,123.16538817428315,178.18296423724115,1.0790009791738502,9.5
410,DIV6,216,711.6008917786417,420.19023068278295,26.500003814697266,112.40609137262112,155.53561752895516,87.88340212546537,43.98868518735364,131.1938435426644,214.82188134730225,1.0481673696476608,18.0
411,DIV6,217,711.6008917786417,420.19023068278295,26.500003814697266,127.40266545124818,141.49039321508485,88.52823427619236,29.09219137277829,116.45580736278782,108.58119843099269,1.0361260794249878,17.883333333333333
412,DIV6,218,711.6008917786417,420.19023068278295,26.500003814697266,116.2171835568518,153.1728332094854,89.7653894456042,39.700470847266104,128.14790729169172,145.76215354258264,1.0355508664770008,13.60344827586207
413,DIV6,219,711.6008917786417,420.19023068278295,26.500003814697266,140.26431585040882,129.73568414959118,90.0,19.180323598938237,104.23650479097105,28.36742821990808,1.031935882349141,1.0
414,DIV6,220,711.6008917786417,420.19023068278295,26.500003814697266,149.8297691864756,94.81135750414754,91.9305741945757,35.13765531849784,69.39940304764681,59.48425278317274,1.0330197793706508,16.333333333333336
415,DIV6,221,711.6008917786417,420.19023068278295,26.500003814697266,143.07652155576233,83.75666663149947,102.36286013550978,45.58320813945714,60.2405042056425,90.70782609001404,1.0479099251941162,16.15277777777778
416,DIV6,222,711.6008917786417,420.19023068278295,26.500003814697266,153.2006209112608,88.00404516523909,94.18967009796188,35.15123584687642,63.081296839306646,269.1857959728372,1.0759693646760193,18.0
417,DIV6,223,711.6008917786417,420.19023068278295,26.500003814697266,145.9998108342459,81.43474783981291,95.98087250293055,42.284036456311,57.352696218051726,236.5371065068984,1.1081164492965896,18.0
418,DIV6,224,711.6008917786417,420.19023068278295,26.500003814697266,154.58250972770045,102.00404953414403,92.91964234473357,25.34805483814326,77.16097164033724,143.99244646021182,1.0730616765714085,18.073881673881672
419,DIV6,225,711.6008917786417,420.19023068278295,26.500003814697266,145.39826489063103,100.82590459769898,90.5605040782066,31.94689287339545,76.88080001194652,94.41131429590065,1.1135968267654244,22.59469696969697
420,DIV6,226,575.4037425208055,322.3516861079257,42.50001525878906,130.24192387670726,139.75807612329274,90.0,24.62883438548926,114.25889676467261,13.815216455336952,1.0035681563041696,1.0
421,DIV6,227,521.3276686076379,428.0533695984796,47.39180015950297,164.96418875426937,84.59191925189862,102.76155685208,33.497319017864754,59.931587201642806,25.591184708332975,1.0101398861479252,33.21052631578947
422,DIV6,228,496.00003606094486,421.43676368242967,50.5000114440918,62.815030593682046,27.79982513433709,93.40089287130756,142.10871535395086,53.014174375529024,33.46188396373082,1.0063543415909444,28.2
423,DIV6,229,711.1052683642399,498.5762725559838,59.500011444091804,141.82926284417698,61.50262223235675,90.49125460443712,56.328706116198404,37.26985778452462,154.58164235214545,1.0446019923341783,18.0
424,DIV6,230,711.1052683642399,498.5762725559838,59.500011444091804,136.26152109184437,51.80846835157342,90.32199868599075,64.81812013347599,27.45948597051658,223.66809446831252,1.0343848501238848,15.93421052631579
425,DIV6,231,711.1052683642399,498.5762725559838,59.500011444091804,153.1075671581428,114.33134985719127,87.17638776854025,16.45089430401052,88.97993816534144,79.8569758249202,1.0464487460171354,11.96774193548387
426,DIV6,232,564.57483315773,457.5276758622383,57.60974756218708,126.59324691017541,39.54618795089202,93.01685913668894,77.75784061680017,20.014224512915433,71.28723814209215,1.0571889301434279,33.15555555555556
427,DIV6,233,440.10427916920503,335.3272997699119,58.796100165577904,162.75408416120965,104.75323414360594,92.29818543502007,14.04238025921483,79.51962335110684,163.87847544106285,1.021044098705287,26.904761904761905
428,DIV6,234,440.10427916920503,335.3272997699119,58.796100165577904,158.09170090539962,109.38374757720844,94.05345026354576,13.142589420214046,84.24666582217169,194.32465285987425,1.029855247182242,27.76595744680851
429,DIV6,235,440.10427916920503,335.3272997699119,58.796100165577904,161.81135424273813,91.87599145761925,99.08769497164327,30.458671438104787,67.76033305271375,95.55394035728489,1.0901656699190831,30.933333333333337
430,DIV6,236,440.10427916920503,335.3272997699119,58.796100165577904,157.72641382303792,104.09075719732786,90.58396233201599,19.185261024453204,78.95737050366179,208.9539096627257,1.0945085679314561,33.24900662251656
431,DIV6,237,424.1688533509321,381.4809523854338,47.44116554065488,162.0445091508661,80.91010952934121,88.61061707831519,37.01760325382297,55.94631161705159,43.664098558073015,1.0464346526279797,33.71052631578947
432,DIV6,238,387.118921602679,282.00145392098665,29.89150500269374,127.63217898086533,140.80909219418527,90.51480842272929,28.16427885170358,115.87476260133515,54.17267519292153,1.0274243026806906,34.744680851063826
433,DIV6,239,387.118921602679,282.00145392098665,29.89150500269374,122.60352628978477,145.59084684700414,88.73692585494763,33.156130482049306,120.87530732059358,157.5712165417776,1.040526447830255,35.0
434,DIV6,240,357.3406960540178,285.82398931249895,32.50000762939453,124.7549681705856,142.4772736905704,94.82335257685632,31.21312579965588,118.20124374177215,67.88729011474004,1.051807868961203,26.853658536585368
435,DIV6,241,553.023947343262,446.8053779497694,49.3697362943658,91.64150031809488,2.4966058803214373,88.27799112897694,113.47129293609883,23.943277531656648,4.6297408029496525,1.0006432572910078,9.5
436,DIV6,242,492.6771843632692,423.41021220956105,52.5000114440918,178.04567739337327,88.04567739337318,90.0,27.083564344430297,62.54649803475307,2.7867489454480796,1.0000848668247266,1.0
437,DIV6,243,485.0797921334021,393.6520332542208,37.86974051097471,138.96698702457067,51.98996065001852,96.79499492661421,64.79071760829538,28.482423675669768,119.98276855426394,1.0561900028610318,33.93457943925234
438,DIV6,244,476.8057987167763,401.73621034516395,44.626212687084404,122.82261069652611,37.12025307190436,92.05867166023404,81.74267214444524,28.028842397869496,37.802422977492185,1.1480218063962653,26.863636363636363
439,DIV6,245,413.09989769232834,374.0229959310886,46.36488888345862,119.49810366898038,32.01244999128274,95.30160115244479,85.20215379191765,10.259602090766057,22.20566782382644,1.0453026914906567,27.0
440,DIV6,246,404.77546331084346,369.904278178557,47.50000762939453,157.56413864865837,90.15202708337345,99.85185203313489,32.960573340165055,65.74738214416803,103.3014831003372,1.111296464411929,32.672413793103445
441,DIV6,247,427.67327134087253,376.08439789841725,43.47419474902475,118.86553478258809,30.29131619810887,93.29977779152006,85.9961255405975,9.576218243543677,22.476606801696345,1.0125912228931195,31.307692307692307
442,DIV6,248,614.3918024299298,470.76039880116497,46.2783912967036,125.04865641544727,39.498021499615355,94.66221853481943,78.70568130891355,20.850328513817978,72.59009133028958,1.0755613471593366,35.0
443,DIV6,249,614.3918024299298,470.76039880116497,46.2783912967036,141.24360179075128,61.49899010875734,103.65369658557505,57.593840028691744,38.9287974327285,36.7179822489569,1.0853006667351588,25.666666666666668
444,DIV6,250,729.8646673214262,522.5412391536273,46.5000114440918,152.13480547107582,68.9785680527267,86.9904563685298,47.56805579830977,44.225059231812324,60.0166595148517,1.0276484007390105,17.397727272727273
445,DIV6,251,729.8646673214262,522.5412391536273,46.5000114440918,141.84781564887058,57.09329482194321,94.79366960994747,59.89638018168757,34.58341820313762,61.31491720502381,1.0341981164886165,17.80263157894737
446,DIV6,252,729.8646673214262,522.5412391536273,46.5000114440918,152.25972525481416,68.15914220328558,97.3932692613446,49.09043834978946,43.83729791691588,94.4145147491404,1.0216918643339565,17.52542372881356
447,DIV6,253,398.56935629350744,330.02270781864945,26.787507593300628,132.64093826394756,54.284828737078215,92.70384930524331,70.87666765151545,38.54872297906694,229.7787804182852,1.268184152564176,32.81060606060606
448,DIV6,254,398.56935629350744,330.02270781864945,26.787507593300628,151.26447938559713,64.72912151131573,93.38047806636327,52.153233237123935,40.19830419819955,220.41325232403673,1.0916108365511432,31.06611570247934
449,DIV6,255,398.56935629350744,330.02270781864945,26.787507593300628,120.45657876310686,49.80041356414278,96.25349636669775,81.8699514095478,43.112868043330074,169.2954823372132,1.4346415117547167,30.340425531914892
450,DIV6,256,398.56935629350744,330.02270781864945,26.787507593300628,159.21051606211572,72.63841372421156,94.61150301769635,43.51262369058021,47.51593064066532,149.156545000449,1.032443248014371,35.0
451,DIV6,257,398.56935629350744,330.02270781864945,26.787507593300628,141.26704020554618,59.35275416065671,94.18558425078537,61.91389088582546,43.388924303913775,197.69781917129387,1.1807261736720067,27.12121212121212
452,DIV6,258,398.56935629350744,330.02270781864945,26.787507593300628,161.69585824669946,75.95474924557185,94.93414159752162,40.31857461471346,50.84562702745405,237.76334841403207,1.0286643381467409,32.68468468468468
453,DIV6,259,398.56935629350744,330.02270781864945,26.787507593300628,159.61985038788708,74.16497502846767,95.52795944327015,42.342118294830755,49.223499359189134,239.24264043881112,1.034927341428679,32.54385964912281
454,DIV6,260,403.8585775210157,327.8540801952014,25.24371720009409,160.1425280116967,84.11991052575318,97.19916692913164,34.17694936264524,59.08710005256178,34.87514838145298,1.0616173067788506,32.5
455,DIV6,261,641.6884555595789,449.63647565927045,33.93800401447751,160.0710581254911,84.25377833472254,92.92505602765871,34.46223251689607,59.697411196070576,49.7054197979221,1.077004655203262,34.0
456,DIV6,262,640.1788894699766,438.2822258009071,31.339021911043986,154.61521239200857,77.03256701108633,91.50872704186663,40.17384008823635,52.352647115878,104.42116977989681,1.040482674250509,28.990849673202614
457,DIV6,263,416.2008457433344,371.3958030459393,57.7197457226447,160.17147830706293,77.40191490249646,92.06694031723717,39.73283270787461,52.57523234936913,228.41726888889798,1.0650612788528468,34.167567567567566
458,DIV6,264,416.2008457433344,371.3958030459393,57.7197457226447,163.10227992109287,82.54038064336748,91.01748278711682,34.231544794036175,57.467387392955445,301.6681258659754,1.0497315670318705,32.62376237623762
459,DIV6,265,416.2008457433344,371.3958030459393,57.7197457226447,155.04084913985682,68.71716231700188,97.6508039423363,47.943937394190925,43.96986948327747,131.838795070503,1.0343176340890539,35.0
460,DIV6,266,416.2008457433344,371.3958030459393,57.7197457226447,159.68029032815073,74.55869886770223,89.44564934278262,42.19963541273372,49.64278352562257,277.52029807584563,1.0472382831424747,35.0
461,DIV6,267,416.2008457433344,371.3958030459393,57.7197457226447,161.94522622376692,94.87445366087749,90.65392568440696,23.77168771614376,70.77629392315943,224.6966714302088,1.0779696498593478,31.033333333333335
462,DIV6,268,416.2008457433344,371.3958030459393,57.7197457226447,164.44299443833683,97.58829788385607,93.4114488668042,20.570100414293865,72.43850699331563,291.8348713019418,1.0426304693928419,35.0
463,DIV6,269,416.2008457433344,371.3958030459393,57.7197457226447,164.75295677510712,98.97916700221037,94.58238213686894,19.713689934414564,73.94586578907915,303.38255565243475,1.0350574208462717,35.0
464,DIV6,270,416.2008457433344,371.3958030459393,57.7197457226447,161.8311488278592,96.80410415144284,97.55194821464998,25.45481032867497,72.48855160013892,110.85262605956504,1.0586717265989458,33.89655172413793
465,DIV6,271,430.7923697545242,371.1167624883781,60.500015258789055,138.3179096772412,50.82655605216826,97.05141883910136,66.01430428834833,27.30386570209351,73.92967381967948,1.0480809605824273,32.666666666666664
466,DIV6,272,551.287067485317,445.3056602853802,48.99678309647432,153.33543814362727,65.7834132214224,92.45592253742356,50.5060338742541,41.256471241399595,93.092151878945,1.0589872006489143,32.77777777777778
467,DIV6,273,625.0166959650835,447.5265879960706,62.61757601518722,155.46604478738084,113.06920670878965,88.64418866667468,9.244058478525202,87.93858952260523,79.26632730211243,1.0176666081831078,24.0
468,DIV6,274,607.9416991414212,471.0875286171306,58.725787101764794,139.24037706980636,49.816777472031575,86.99924313587967,65.74172276975554,25.727913360735382,137.90025961164352,1.0156155453930342,21.151162790697676
469,DIV6,275,607.9416991414212,471.0875286171306,58.725787101764794,141.98978181575885,60.16026096049141,98.15440524957,59.331621018265146,37.26801851384278,47.149356119997684,1.125543136150077,16.797619047619047
470,DIV6,276,586.9305203300569,460.06860985153116,60.2129855553326,144.2373943374197,54.47857057736747,91.07750829712529,60.802528883205156,29.132898727461114,30.068123000903427,1.0174766245559839,29.0
471,DIV6,277,494.1080099714337,428.37049713803543,60.500064849853516,155.8204530865843,67.96099932548981,94.9688516419236,48.22658924972364,43.01847548243938,147.5207545117535,1.0354322047287834,20.428571428571427
472,DIV6,278,585.1776538342152,436.1745649145266,62.864164101373774,141.74446732910036,55.08919152859237,89.37116810191846,61.69586049126819,31.129852854692942,227.49592608029414,1.0544815255406421,34.76315789473684
473,DIV6,279,545.0742387136302,450.5172378666894,53.58894847595753,150.42243378880343,61.802367750263016,84.68424392936068,54.15332471527394,36.919185644392954,12.191183774232018,1.0153476152100118,23.666666666666668
